,Features,DTC,RFC,GBC
0,population,0.0,0.02132095050977886,0.0012598791736257908
1,Region_Far West,0.0,0.00039846041934905245,0.0
2,Region_Great Lakes,0.0,0.000795352634501973,0.03148658001036217
3,Region_Mid-Atlantic,0.0,0.00010161247694367157,0.0
4,Region_New England,0.0,8.961140394629457e-05,0.0
5,Region_Plains,0.0,0.0004121553352963858,0.0
6,Region_Rocky Mountain,0.0,0.0005371311372886664,0.0
7,Region_Southeast,0.0,0.0021110729192794445,0.0
8,Region_Southwest,0.0,0.002094973725501907,0.01176792997298779
9,gov_party_D,0.0,0.0011624798411757355,0.0
10,gov_party_R,0.0,0.0010017787894215956,0.0
11,legis_party_D,0.0,0.0004518449404186093,0.0
12,legis_party_R,0.0,0.00042029367032574616,0.0
13,legis_party_S,0.0,9.853861174515624e-05,0.0
14,fiscal,0.0,0.00562827096669054,0.047381350997241764
15,10,0.44374532711307374,0.016893434321843367,0.2663107801016381
16,101,0.0,0.00420599130434067,0.0
17,1011,0.0,0.003657682033326827,0.0
18,1012,0.0,0.008162510649418232,0.014583563401415733
19,1013,0.0,0.007128285024895967,0.009885196347135364
20,102,0.0,0.002784929357981048,0.0
21,1021,0.0,0.00450855663957688,0.013436304177549832
22,1022,0.0,0.002710929138319087,0.0
23,1023,0.0,0.004937568480208909,0.0
24,1024,0.0,0.004511973353543672,0.0
25,1025,0.0,0.008482410625787229,0.008682134975408061
26,1026,0.0,0.004729575896300187,0.0011154155210940486
27,1027,0.0,0.003392078071671061,0.0
28,1028,0.0,0.0034901673557318357,0.0
29,1029,0.0,0.00110335335789476,0.0
30,11,0.0,0.0019430615684574465,0.0
31,111,0.0,0.001252745047141339,0.0
32,1111,0.0,0.00014356195995829992,0.0
33,11111,0.0,0.0,0.0
34,111110,0.0,0.0,0.0
35,11112,0.0,0.0,0.0
36,111120,0.0,0.0,0.0
37,11113,0.0,0.0,0.0
38,111130,0.0,0.0,0.0
39,11114,0.0,0.0,0.0
40,111140,0.0,0.0,0.0
41,11115,0.0,0.0,0.0
42,111150,0.0,9.297367179905815e-05,0.0
43,11116,0.0,0.0,0.0
44,111160,0.0,0.0,0.0
45,11119,0.0,0.00026376773256990815,0.0
46,111191,0.0,0.0,0.0
47,111199,0.0,0.0,0.0
48,1112,0.0,0.00013983960692299578,0.0
49,11121,0.0,0.00011877686695766397,0.0
50,111211,0.0,0.0,0.0
51,111219,0.0,0.0,0.0
52,1113,0.0,0.0003805961168080051,0.0
53,11131,0.0,0.0,0.0
54,111310,0.0,0.0,0.0
55,11132,0.0,0.0,0.0
56,111320,0.0,0.0,0.0
57,11133,0.0,0.00020931821098439662,0.0
58,111331,0.0,1.1665149202877596e-05,0.0
59,111332,0.0,0.0,0.0
60,111333,0.0,0.0,0.0
61,111334,0.0,0.0,0.0
62,111335,0.0,0.0,0.0
63,111336,0.0,0.0,0.0
64,111339,0.0,7.836443030268095e-05,0.0
65,1114,0.0,0.00012315732212663172,0.0
66,11141,0.0,0.0,0.0
67,111411,0.0,0.0,0.0
68,111419,0.0,0.0,0.0
69,11142,0.0,0.00021472611412835202,0.0
70,111421,0.0,3.233688941415376e-05,0.0
71,111422,0.0,8.44666834929851e-05,0.0
72,1119,0.0,0.0003021334500525754,0.0
73,11191,0.0,0.0,0.0
74,111910,0.0,0.0,0.0
75,11192,0.0,0.0,0.0
76,111920,0.0,6.762980884362314e-05,0.0
77,11193,0.0,0.0,0.0
78,111930,0.0,0.0,0.0
79,11194,0.0,0.0,0.0
80,111940,0.0,0.0001740866590237301,0.0
81,11199,0.0,0.00020377165216144862,0.0
82,111991,0.0,0.0,0.0
83,111992,0.0,0.0,0.0
84,111998,0.0,0.00013449737003300987,0.0
85,112,0.0,0.002477500962687428,0.0012308442915060155
86,1121,0.0,0.0040050618410594615,0.03140132327245993
87,11211,0.0,0.0013611032728266408,0.0
88,112111,0.0,0.0009741246455650745,0.0
89,112112,0.0,0.0,0.0
90,11212,0.0,0.0006363563101442599,0.0
91,112120,0.0,0.0005012966387054956,0.000750452278652693
92,1122,0.0,7.311550207866409e-05,0.0
93,11221,0.0,0.0,0.0
94,112210,0.0,0.0002850692920880907,0.0
95,1123,0.0,0.0,0.0
96,11231,0.0,0.0,0.0
97,112310,0.0,0.0,0.0
98,11232,0.0,0.0,0.0
99,112320,0.0,0.0,0.0
100,11233,0.0,0.0,0.0
101,112330,0.0,0.0,0.0
102,11234,0.0,0.0,0.0
103,112340,0.0,0.0,0.0
104,11239,0.0,0.0,0.0
105,112390,0.0,0.0,0.0
106,1124,0.0,0.0,0.0
107,11241,0.0,0.0,0.0
108,112410,0.0,0.0,0.0
109,11242,0.0,0.0,0.0
110,112420,0.0,0.0,0.0
111,1125,0.0,0.0,0.0
112,11251,0.0,0.0,0.0
113,112511,0.0,0.0,0.0
114,112512,0.0,0.0,0.0
115,112519,0.0,0.0,0.0
116,1129,0.0,1.792043119141202e-06,0.0
117,11291,0.0,0.0,0.0
118,112910,0.0,0.0,0.0
119,11292,0.0,0.0,0.0
120,112920,0.0,0.0,0.0
121,11293,0.0,0.0,0.0
122,112930,0.0,0.0,0.0
123,11299,0.0,0.0,0.0
124,112990,0.0,0.0,0.0
125,113,0.0,0.0014939188010053572,0.0
126,1131,0.0,7.504769175197019e-05,0.0
127,11311,0.0,0.0,0.0
128,113110,0.0,0.0,0.0
129,1132,0.0,0.0,0.0
130,11321,0.0,0.0,0.0
131,113210,0.0,0.0,0.0
132,1133,0.0,0.0006806880667786458,0.0
133,11331,0.0,0.0004552857482317096,0.0
134,113310,0.0,0.0007382054631466111,0.0
135,114,0.0,0.00010721165491606984,0.0
136,1141,0.0,0.0,0.0
137,11411,0.0,0.0,0.0
138,114111,0.0,0.0,0.0
139,114112,0.0,0.0,0.0
140,114119,0.0,0.0,0.0
141,1142,0.0,0.0,0.0
142,11421,0.0,0.0,0.0
143,114210,0.0,0.0,0.0
144,115,0.0,0.0015294121251215854,0.0
145,1151,0.0,0.0007363141607935643,0.0
146,11511,0.0,0.0002537680301425306,0.0
147,115111,0.0,0.00019565082329866108,0.0
148,115112,0.0,0.0003097314391523167,0.00107871941630338
149,115113,0.0,0.00010654394637225488,0.0
150,115114,0.0,0.0,0.0
151,115115,0.0,0.0,0.0
152,115116,0.0,0.0,0.0
153,1152,0.0,0.00043287744539193,0.0
154,11521,0.0,6.227129206536903e-05,0.0
155,115210,0.0,0.0,0.0
156,1153,0.0,6.60572971651883e-05,0.0
157,11531,0.0,1.3841110753841782e-06,0.0
158,115310,0.0,9.196828157796476e-05,0.0
159,21,0.0,0.0011839049278037246,0.0
160,211,0.0,0.000671532845646189,0.0
161,2111,0.0,0.0001506780062594936,0.0
162,21111,0.0,0.0004641223187550953,0.0
163,211111,0.0,0.00023236296576970787,0.0
164,211112,0.0,0.0,0.0
165,212,0.0,0.0002652509768749838,0.0
166,2121,0.0,0.0,0.0
167,21211,0.0,0.0,0.0
168,212111,0.0,0.0,0.0
169,212112,0.0,0.0,0.0
170,212113,0.0,0.0,0.0
171,2122,0.0,0.0,0.0
172,21221,0.0,0.0,0.0
173,212210,0.0,0.0,0.0
174,21222,0.0,0.0,0.0
175,212221,0.0,0.0,0.0
176,212222,0.0,0.0,0.0
177,21223,0.0,0.0,0.0
178,212231,0.0,0.0,0.0
179,212234,0.0,0.0,0.0
180,21229,0.0,0.0,0.0
181,212291,0.0,0.0,0.0
182,212299,0.0,0.0,0.0
183,2123,0.0,0.00024070860818848735,0.0
184,21231,0.0,0.0,0.0
185,212311,0.0,0.0,0.0
186,212312,0.0,0.0,0.0
187,212313,0.0,0.0,0.0
188,212319,0.0,0.0,0.0
189,21232,0.0,0.0,0.0
190,212321,0.0,0.0,0.0
191,212322,0.0,0.0,0.0
192,212324,0.0,0.0,0.0
193,212325,0.0,0.0,0.0
194,21239,0.0,0.0,0.0
195,212391,0.0,0.0,0.0
196,212392,0.0,0.0,0.0
197,212393,0.0,0.0,0.0
198,212399,0.0,0.0,0.0
199,213,0.0,0.0004982472901711846,0.0
200,2131,0.0,0.00017617743802940432,0.0
201,21311,0.0,0.00024441651739818345,0.0
202,213111,0.0,0.0,0.0
203,213112,0.0,0.00016390760939295518,0.0
204,213113,0.0,0.0,0.0
205,213114,0.0,0.0,0.0
206,213115,0.0,0.0,0.0
207,22,0.0,0.0012962437960935208,0.0
208,221,0.0,0.0017900487662643315,0.0
209,2211,0.0,0.00018875112873266688,0.0
210,22111,0.0,0.0,0.0
211,221111,0.0,0.0,0.0
212,221112,0.0,0.0,0.0
213,221113,0.0,0.0,0.0
214,221119,0.0,0.0,0.0
215,22112,0.0,0.0,0.0
216,221121,0.0,0.0,0.0
217,221122,0.0,0.0,0.0
218,2212,0.0,0.0,0.0
219,22121,0.0,0.0,0.0
220,221210,0.0,0.0,0.0
221,2213,0.0,0.0002836530952418123,0.0
222,22131,0.0,0.00026176918530467527,0.0
223,221310,0.0,0.0003194657332085767,0.0
224,22132,0.0,9.22471212157333e-05,0.0
225,221320,0.0,0.0,0.0
226,22133,0.0,0.0,0.0
227,221330,0.0,0.0,0.0
228,23,0.0,0.006720329311655017,0.011248833767481283
229,236,0.0,0.0033082047195336487,0.0
230,2361,0.0,0.0025878338818074776,0.0
231,23611,0.0,0.0029265178422601223,0.0
232,236115,0.0,0.004432020065924177,0.012529455700629346
233,236116,0.0,0.0,0.0
234,236117,0.0,0.0,0.0
235,236118,0.0,0.001367932349249918,0.0
236,2362,0.0,0.001387036605363137,0.0
237,23621,0.0,9.394191354267917e-05,0.0
238,236210,0.0,0.0,0.0
239,23622,0.0,0.000536636533403544,0.0
240,236220,0.0,0.00034816613696896244,0.0
241,237,0.0,0.0034703843260569054,0.0001342903484462792
242,2371,0.0,0.005235802899962845,0.02936435493792862
243,23711,0.0,0.003235913677371263,0.0002801115701089976
244,237110,0.0,0.002373637871329126,0.001534742864681304
245,23712,0.0,7.990441942147863e-05,0.0
246,237120,0.0,0.0,0.0
247,23713,0.0,0.0022700446234736387,0.0
248,237130,0.0,0.0002674809716865018,0.0006667295479420513
249,2372,0.0,0.0008406172528244225,0.0
250,23721,0.0,0.000983012629013856,0.0
251,237210,0.0,0.001221403462770218,0.0
252,2373,0.0,0.00037414788598193215,0.0
253,23731,0.0,0.0009613727051373861,0.0
254,237310,0.0,0.001002487542140974,0.0
255,2379,0.0,0.000343133720997274,0.0
256,23799,0.0,9.514460654002938e-05,0.0
257,237990,0.0,0.00016143169085943893,0.0
258,238,0.0,0.00656121276004235,0.011430497030630402
259,2381,0.0,0.00556458624103169,0.004149940024256347
260,23811,0.0,0.005344651083922352,0.07355167229000663
261,238111,0.0,0.0010997231527095288,0.0
262,238112,0.0,0.0009307494635582866,0.0
263,23812,0.0,0.00013481164737783234,0.0
264,238121,0.0,0.0,0.0
265,238122,0.0,0.0,0.0
266,23813,0.4645925459589688,0.006396096365873665,0.09176684209806481
267,238131,0.0,0.0003464092544341851,0.0
268,238132,0.0,0.0,0.0
269,23814,0.0,0.001966519673467946,0.0
270,238141,0.0,0.00028869369565590107,0.0
271,238142,0.0,7.108198488423639e-05,0.0
272,23815,0.0,0.000990373643573196,0.0
273,238151,0.0,4.664742974658826e-06,0.0
274,238152,0.0,3.751537490170416e-05,0.0
275,23816,0.0,0.0007825568810745479,0.0
276,238161,0.0,0.00038386102081522947,0.0
277,238162,0.0,0.00026416425369718327,0.0
278,23817,0.0,0.0004244596532752129,0.0
279,238171,0.0,2.4547685711855953e-05,0.0
280,238172,0.0,0.0,0.0
281,23819,0.0,0.0002166785982715102,0.0
282,238191,0.0,0.0,0.0
283,238192,0.0,0.0,0.0
284,2382,0.0,0.005452944672406685,0.0
285,23821,0.0,0.0026194504557942593,0.006478770438498123
286,238211,0.0,0.0026751371851936874,0.0
287,238212,0.0,0.001700324279279687,0.0013088562634215263
288,23822,0.0,0.0021628174950296115,0.0
289,238221,0.0,0.0021575584040049076,0.002035701660152924
290,238222,0.0,0.0009371423320661459,0.0
291,23829,0.0,0.0002614737689279285,0.0
292,238291,0.0,0.0,0.0
293,238292,0.0,0.00010549155234931388,0.0
294,2383,0.0,0.010155089056129602,0.03816895292234158
295,23831,0.0,0.004796800542476729,0.022811007104744388
296,238311,0.0,0.0024121588523748094,0.0
297,238312,0.0,0.0003750037774231144,0.0
298,23832,0.0,0.002753560023523479,0.0
299,238321,0.0,0.0012729369886790923,0.0
300,238322,0.0,0.00010881082418297681,0.0
301,23833,0.0,0.00020025947580731626,0.0
302,238331,0.0,0.00021716994038323078,0.0
303,238332,0.0,0.00011454510416683616,0.0
304,23834,0.0,0.0004497467969135731,0.0
305,238341,0.0,0.0,0.0
306,238342,0.0,0.0,0.0
307,23835,0.0,0.0018057816020518494,0.0
308,238351,0.0,0.00040678321303535604,0.0
309,238352,0.0,1.384509192103018e-05,0.0
310,23839,0.0,5.043275940461698e-05,0.0
311,238391,0.0,3.7015380637150194e-05,0.0
312,238392,0.0,0.0,0.0
313,2389,0.0,0.0025222133110350594,0.0
314,23891,0.0,0.0017310701543865675,0.0
315,238911,0.0,0.00097431597923995,0.0
316,238912,0.0,0.0004926230808993618,0.0
317,23899,0.0,0.004006830290328093,0.03558562349553587
318,238991,0.0,0.0009973401004712663,0.0013758305363501912
319,238992,0.0,0.0073446264520868896,0.0010198421569682225
320,31-33,0.0,0.007626183132212857,0.013300693681634558
321,311,0.0,0.0006635366573699461,0.0
322,3111,0.0,0.0,0.0
323,31111,0.0,0.0,0.0
324,311111,0.0,0.0,0.0
325,311119,0.0,0.0,0.0
326,3112,0.0,0.0,0.0
327,31121,0.0,0.0,0.0
328,311211,0.0,0.0,0.0
329,311212,0.0,0.0,0.0
330,311213,0.0,0.0,0.0
331,31122,0.0,0.0,0.0
332,311221,0.0,0.0,0.0
333,311222,0.0,0.0,0.0
334,311223,0.0,0.0,0.0
335,311225,0.0,0.0,0.0
336,31123,0.0,0.0,0.0
337,311230,0.0,0.0,0.0
338,3113,0.0,0.0,0.0
339,31131,0.0,0.0,0.0
340,311311,0.0,0.0,0.0
341,311312,0.0,0.0,0.0
342,311313,0.0,0.0,0.0
343,31132,0.0,0.0,0.0
344,311320,0.0,0.0,0.0
345,31133,0.0,0.0,0.0
346,311330,0.0,0.0,0.0
347,31134,0.0,0.0,0.0
348,311340,0.0,0.0,0.0
349,3114,0.0,0.0,0.0
350,31141,0.0,0.0,0.0
351,311411,0.0,0.0,0.0
352,311412,0.0,0.0,0.0
353,31142,0.0,0.0,0.0
354,311421,0.0,0.0,0.0
355,311422,0.0,0.0,0.0
356,311423,0.0,0.0,0.0
357,3115,0.0,0.0,0.0
358,31151,0.0,0.0,0.0
359,311511,0.0,0.0,0.0
360,311512,0.0,0.0,0.0
361,311513,0.0,0.0,0.0
362,311514,0.0,0.0,0.0
363,31152,0.0,0.0,0.0
364,311520,0.0,0.0,0.0
365,3116,0.0,0.0,0.0
366,31161,0.0,8.391411303918967e-05,0.0
367,311611,0.0,0.0,0.0
368,311612,0.0,0.0,0.0
369,311613,0.0,0.0,0.0
370,311615,0.0,0.0,0.0
371,3117,0.0,1.698816257668338e-05,0.0
372,31171,0.0,1.3427910627907991e-06,0.0
373,311711,0.0,0.0,0.0
374,311712,0.0,0.0,0.0
375,3118,0.0,0.00039020352952774754,0.0
376,31181,0.0,7.028951157706042e-05,0.0
377,311811,0.0,0.00010235429034702462,0.0
378,311812,0.0,0.0,0.0
379,311813,0.0,0.0,0.0
380,31182,0.0,0.0,0.0
381,311821,0.0,0.0,0.0
382,311822,0.0,0.0,0.0
383,311823,0.0,0.0,0.0
384,31183,0.0,0.0,0.0
385,311830,0.0,0.0,0.0
386,3119,0.0,2.515265167627957e-05,0.0
387,31191,0.0,0.0,0.0
388,311911,0.0,0.0,0.0
389,311919,0.0,0.0,0.0
390,31192,0.0,0.0,0.0
391,311920,0.0,0.0,0.0
392,31193,0.0,0.0,0.0
393,311930,0.0,0.0,0.0
394,31194,0.0,0.0,0.0
395,311941,0.0,0.0,0.0
396,311942,0.0,0.0,0.0
397,31199,0.0,5.622230180867927e-06,0.0
398,311991,0.0,0.0,0.0
399,311999,0.0,0.0,0.0
400,312,0.0,0.00019237552605401347,0.0
401,3121,0.0,0.0,0.0
402,31211,0.0,1.0390761846697213e-05,0.0
403,312111,0.0,0.0,0.0
404,312112,0.0,0.0,0.0
405,312113,0.0,1.462405826900277e-06,0.0
406,31212,0.0,0.0,0.0
407,312120,0.0,0.0,0.0
408,31213,0.0,0.0,0.0
409,312130,0.0,0.0,0.0
410,31214,0.0,0.0,0.0
411,312140,0.0,0.0,0.0
412,3122,0.0,0.0,0.0
413,31221,0.0,0.0,0.0
414,312210,0.0,0.0,0.0
415,31222,0.0,0.0,0.0
416,312221,0.0,0.0,0.0
417,312229,0.0,0.0,0.0
418,313,0.0,0.00022713916408909817,0.0016150601743500166
419,3131,0.0,0.0,0.0
420,31311,0.0,0.0,0.0
421,313111,0.0,0.0,0.0
422,313112,0.0,0.0,0.0
423,313113,0.0,0.0,0.0
424,3132,0.0,0.0,0.0
425,31321,0.0,0.0,0.0
426,313210,0.0,0.0,0.0
427,31322,0.0,0.0,0.0
428,313221,0.0,0.0,0.0
429,313222,0.0,0.0,0.0
430,31323,0.0,0.0,0.0
431,313230,0.0,0.0,0.0
432,31324,0.0,0.0,0.0
433,313241,0.0,0.0,0.0
434,313249,0.0,0.0,0.0
435,3133,0.0,0.0,0.0
436,31331,0.0,0.0,0.0
437,313311,0.0,0.0,0.0
438,313312,0.0,0.0,0.0
439,31332,0.0,0.0,0.0
440,313320,0.0,0.0,0.0
441,314,0.0,2.94021370579445e-05,0.0
442,3141,0.0,0.00014361576372169598,0.0
443,31411,0.0,0.0,0.0
444,314110,0.0,0.0,0.0
445,31412,0.0,0.0,0.0
446,314121,0.0,0.0,0.0
447,314129,0.0,0.0,0.0
448,3149,0.0,2.6981409617093606e-05,0.0
449,31491,0.0,4.788058415321589e-05,0.0
450,314911,0.0,0.0,0.0
451,314912,0.0,0.0,0.0
452,31499,0.0,0.0,0.0
453,314991,0.0,0.0,0.0
454,314992,0.0,0.0,0.0
455,314999,0.0,0.0,0.0
456,315,0.0,0.00015037065477490737,0.0
457,3151,0.0,0.0,0.0
458,31511,0.0,0.0,0.0
459,315111,0.0,0.0,0.0
460,315119,0.0,0.0,0.0
461,31519,0.0,0.0,0.0
462,315191,0.0,0.0,0.0
463,315192,0.0,0.0,0.0
464,3152,0.0,8.554699883676002e-05,0.0
465,31521,0.0,0.0,0.0
466,315211,0.0,0.0,0.0
467,315212,0.0,0.0,0.0
468,31522,0.0,0.0,0.0
469,315221,0.0,0.0,0.0
470,315222,0.0,4.636162031268963e-06,0.0
471,315223,0.0,0.0,0.0
472,315224,0.0,0.0,0.0
473,315225,0.0,0.0,0.0
474,315228,0.0,0.0,0.0
475,31523,0.0,0.0,0.0
476,315231,0.0,0.0,0.0
477,315232,0.0,0.0,0.0
478,315233,0.0,0.0,0.0
479,315234,0.0,0.0,0.0
480,315239,0.0,0.0,0.0
481,31529,0.0,0.0,0.0
482,315291,0.0,0.0,0.0
483,315292,0.0,0.0,0.0
484,315299,0.0,0.0,0.0
485,3159,0.0,0.0,0.0
486,31599,0.0,0.0,0.0
487,315991,0.0,0.0,0.0
488,315992,0.0,0.0,0.0
489,315993,0.0,0.0,0.0
490,315999,0.0,0.0,0.0
491,316,0.0,0.0,0.0
492,3161,0.0,0.0,0.0
493,31611,0.0,0.0,0.0
494,316110,0.0,0.0,0.0
495,3162,0.0,0.0,0.0
496,31621,0.0,0.0,0.0
497,316211,0.0,0.0,0.0
498,316212,0.0,0.0,0.0
499,316213,0.0,0.0,0.0
500,316214,0.0,0.0,0.0
501,316219,0.0,0.0,0.0
502,3169,0.0,0.0,0.0
503,31699,0.0,0.0,0.0
504,316991,0.0,0.0,0.0
505,316992,0.0,0.0,0.0
506,316993,0.0,0.0,0.0
507,316999,0.0,0.0,0.0
508,321,0.0,0.0012550421073378615,0.0
509,3211,0.0,0.0001170068044781624,0.0
510,32111,0.0,7.391265020263477e-05,0.0
511,321113,0.0,6.966495164675005e-05,0.0
512,321114,0.0,0.0,0.0
513,3212,0.0,0.0,0.0
514,32121,0.0,0.0,0.0
515,321211,0.0,0.0,0.0
516,321212,0.0,0.0,0.0
517,321213,0.0,0.0,0.0
518,321214,0.0,0.0,0.0
519,321219,0.0,0.0,0.0
520,3219,0.0,0.000131898812656128,0.0
521,32191,0.0,7.149299345458147e-06,0.0
522,321911,0.0,2.0170095881821703e-05,0.0
523,321912,0.0,0.0,0.0
524,321918,0.0,0.0,0.0
525,32192,0.0,8.90092802523231e-05,0.0
526,321920,0.0,0.0,0.0
527,32199,0.0,0.0,0.0
528,321991,0.0,0.0,0.0
529,321992,0.0,0.0,0.0
530,321999,0.0,0.0,0.0
531,322,0.0,0.0002582191580169721,0.0
532,3221,0.0,0.0,0.0
533,32211,0.0,0.0,0.0
534,322110,0.0,0.0,0.0
535,32212,0.0,0.0,0.0
536,322121,0.0,0.0,0.0
537,322122,0.0,0.0,0.0
538,32213,0.0,0.0,0.0
539,322130,0.0,0.0,0.0
540,3222,0.0,7.023990821264488e-05,0.0
541,32221,0.0,6.791514770123335e-05,0.0
542,322211,0.0,9.87114735794886e-05,0.0
543,322212,0.0,0.0,0.0
544,322213,0.0,0.0,0.0
545,322214,0.0,0.0,0.0
546,322215,0.0,0.0,0.0
547,32222,0.0,4.935933432673919e-05,0.0
548,322221,0.0,0.0,0.0
549,322222,0.0,3.706727247200033e-05,0.0
550,322223,0.0,0.0,0.0
551,322224,0.0,0.0,0.0
552,322225,0.0,0.0,0.0
553,322226,0.0,0.0,0.0
554,32223,0.0,0.0,0.0
555,322231,0.0,0.0,0.0
556,322232,0.0,0.0,0.0
557,322233,0.0,0.0,0.0
558,32229,0.0,0.0,0.0
559,322291,0.0,0.0,0.0
560,322299,0.0,0.0,0.0
561,323,0.0,0.0005023680699447749,0.0
562,3231,0.0,0.0006448734859019504,0.0
563,32311,0.0,0.0005373615902413881,0.0
564,323110,0.0,0.0001225080455386874,0.0
565,323111,0.0,0.0,0.0
566,323112,0.0,0.0,0.0
567,323113,0.0,7.192889993873746e-05,0.0
568,323114,0.0,0.00032883145178116675,0.0
569,323115,0.0,4.455957630152282e-05,0.0
570,323116,0.0,0.0,0.0
571,323117,0.0,0.0,0.0
572,323118,0.0,0.0,0.0
573,323119,0.0,0.00014277487533461957,0.0
574,32312,0.0,4.277770293190277e-05,0.0
575,323121,0.0,0.0,0.0
576,323122,0.0,0.0,0.0
577,324,0.0,0.0,0.0
578,3241,0.0,0.0,0.0
579,32411,0.0,0.0,0.0
580,324110,0.0,0.0,0.0
581,32412,0.0,0.00023048410247568935,0.0
582,324121,0.0,0.0,0.0
583,324122,0.0,0.0,0.0
584,32419,0.0,7.731616109761999e-05,0.0
585,324191,0.0,0.0,0.0
586,324199,0.0,0.0,0.0
587,325,0.0,0.0006485545172904705,0.0
588,3251,0.0,0.00017180450611475458,0.0
589,32511,0.0,0.0,0.0
590,325110,0.0,0.0,0.0
591,32512,0.0,0.0,0.0
592,325120,0.0,0.0,0.0
593,32513,0.0,0.0,0.0
594,325131,0.0,0.0,0.0
595,325132,0.0,0.0,0.0
596,32518,0.0,3.5784321363616024e-05,0.0
597,325181,0.0,0.0,0.0
598,325182,0.0,0.0,0.0
599,325188,0.0,0.0,0.0
600,32519,0.0,0.0,0.0
601,325191,0.0,0.0,0.0
602,325192,0.0,0.0,0.0
603,325193,0.0,0.0,0.0
604,325199,0.0,0.0,0.0
605,3252,0.0,0.0,0.0
606,32521,0.0,0.0,0.0
607,325211,0.0,0.0,0.0
608,325212,0.0,0.0,0.0
609,32522,0.0,0.0,0.0
610,325221,0.0,0.0,0.0
611,325222,0.0,0.0,0.0
612,3253,0.0,0.0,0.0
613,32531,0.0,0.0,0.0
614,325311,0.0,0.0,0.0
615,325312,0.0,0.0,0.0
616,325314,0.0,0.0,0.0
617,32532,0.0,0.0,0.0
618,325320,0.0,0.0,0.0
619,3254,0.0,0.0,0.0
620,32541,0.0,1.8570451559287087e-05,0.0
621,325411,0.0,0.0,0.0
622,325412,0.0,0.0,0.0
623,325413,0.0,0.0,0.0
624,325414,0.0,0.0,0.0
625,3255,0.0,0.0003537595996040216,0.0
626,32551,0.0,0.0,0.0
627,325510,0.0,6.867114394735602e-05,0.0
628,32552,0.0,3.745543334974224e-05,0.0
629,325520,0.0,8.212901578309207e-06,0.0
630,3256,0.0,0.0,0.0
631,32561,0.0,0.0,0.0
632,325611,0.0,0.0,0.0
633,325612,0.0,2.9366173179658795e-05,0.0
634,325613,0.0,0.0,0.0
635,32562,0.0,1.6707688135894193e-06,0.0
636,325620,0.0,0.0,0.0
637,3259,0.0,0.00014651457261137784,0.0
638,32591,0.0,0.0,0.0
639,325910,0.0,0.0,0.0
640,32592,0.0,0.0,0.0
641,325920,0.0,0.0,0.0
642,32599,0.0,3.8078627294484874e-05,0.0
643,325991,0.0,0.0,0.0
644,325992,0.0,3.38630554356034e-05,0.0
645,325998,0.0,0.0,0.0
646,326,0.0,0.0006936675576656896,0.0
647,3261,0.0,0.00012289240419980418,0.0
648,32611,0.0,0.0,0.0
649,326111,0.0,0.0,0.0
650,326112,0.0,0.0,0.0
651,326113,0.0,0.0,0.0
652,32612,0.0,0.0,0.0
653,326121,0.0,0.0,0.0
654,326122,0.0,0.0,0.0
655,32613,0.0,0.0,0.0
656,326130,0.0,0.0,0.0
657,32614,0.0,0.0,0.0
658,326140,0.0,0.0,0.0
659,32615,0.0,3.385980449869012e-05,0.001803349280600381
660,326150,0.0,0.00010737688657672917,0.0011582129709794698
661,32616,0.0,0.0,0.0
662,326160,0.0,0.0,0.0
663,32619,0.0,0.00032122867266738887,0.0
664,326191,0.0,0.0,0.0
665,326192,0.0,0.0,0.0
666,326199,0.0,8.76038156653352e-06,0.0
667,3262,0.0,0.00037194839721587476,0.0
668,32621,0.0,0.0,0.0
669,326211,0.0,0.0,0.0
670,326212,0.0,0.0,0.0
671,32622,0.0,0.0,0.0
672,326220,0.0,0.0,0.0
673,32629,0.0,0.0,0.0
674,326291,0.0,0.0,0.0
675,326299,0.0,0.0,0.0
676,327,0.0,0.000916375479332414,0.0
677,3271,0.0,0.0,0.0
678,32711,0.0,1.3595220227913164e-05,0.0
679,327111,0.0,0.0,0.0
680,327112,0.0,9.298988702429448e-06,0.0
681,327113,0.0,0.0,0.0
682,32712,0.0,1.4267741727918504e-06,0.0
683,327121,0.0,0.0,0.0
684,327122,0.0,0.0,0.0
685,327123,0.0,0.0,0.0
686,327124,0.0,0.0,0.0
687,327125,0.0,0.0,0.0
688,3272,0.0,2.8929487881145596e-05,0.0
689,32721,0.0,0.0,0.0
690,327211,0.0,1.7258138721294024e-05,0.0
691,327212,0.0,0.0,0.0
692,327213,0.0,0.0,0.0
693,327215,0.0,0.0,0.0
694,3273,0.0,0.0005462172115056265,0.0
695,32731,0.0,0.0,0.0
696,327310,0.0,0.0,0.0
697,32732,0.0,0.0004078258638329026,0.0
698,327320,0.0,5.4574986786396806e-05,0.0
699,32733,0.0,0.0,0.0
700,327331,0.0,0.0,0.0
701,327332,0.0,0.0,0.0
702,32739,0.0,0.0,0.0
703,327390,0.0,0.0,0.0
704,3274,0.0,0.0,0.0
705,32741,0.0,0.0,0.0
706,327410,0.0,0.0,0.0
707,32742,0.0,0.0,0.0
708,327420,0.0,0.0,0.0
709,3279,0.0,8.971549368655731e-05,0.0
710,32791,0.0,0.0,0.0
711,327910,0.0,0.0,0.0
712,32799,0.0,0.0,0.0
713,327991,0.0,0.0,0.0
714,327992,0.0,0.0,0.0
715,327993,0.0,0.0,0.0
716,327999,0.0,0.0,0.0
717,331,0.0,0.000291690782821074,0.0
718,3311,0.0,0.0,0.0
719,33111,0.0,0.0,0.0
720,331111,0.0,3.1691306677275424e-05,0.0
721,331112,0.0,0.0,0.0
722,3312,0.0,0.0,0.00034930292192183804
723,33121,0.0,3.159590333927934e-05,0.0
724,331210,0.0,0.0,0.0
725,33122,0.0,0.0,0.0
726,331221,0.0,0.00017872306711014702,0.0
727,331222,0.0,0.0,0.0
728,3313,0.0,0.0,0.0
729,33131,0.0,0.0,0.0
730,331311,0.0,0.0,0.0
731,331312,0.0,0.0,0.0
732,331314,0.0,0.0,0.0
733,331315,0.0,0.0,0.0
734,331316,0.0,0.0,0.0
735,331319,0.0,0.0,0.0
736,3314,0.0,8.990516894823523e-05,0.0
737,33141,0.0,0.0,0.0
738,331411,0.0,0.0,0.0
739,331419,0.0,0.0,0.0
740,33142,0.0,0.0,0.0
741,331421,0.0,0.0,0.0
742,331422,0.0,0.0,0.0
743,331423,0.0,0.0,0.0
744,33149,0.0,0.0,0.0
745,331491,0.0,0.0,0.0
746,331492,0.0,0.0,0.0
747,3315,0.0,0.0004432167240055764,0.0
748,33151,0.0,0.0,0.0
749,331511,0.0,0.0,0.0
750,331512,0.0,0.0,0.0
751,331513,0.0,0.0,0.0
752,33152,0.0,0.0,0.0
753,331521,0.0,0.0,0.0
754,331522,0.0,0.0,0.0
755,331524,0.0,0.0,0.0
756,331525,0.0,0.0,0.0
757,331528,0.0,0.0,0.0
758,332,0.0,0.0018414947195773993,0.0
759,3321,0.0,0.00047868776630489025,0.001353182217407315
760,33211,0.0,0.0006135290816239031,0.0010725687016338665
761,332111,0.0,0.0,0.0
762,332112,0.0,0.0,0.0
763,332114,0.0,0.0,0.0
764,332115,0.0,0.0,0.0
765,332116,0.0,0.0,0.0
766,332117,0.0,0.0,0.0
767,3322,0.0,9.29529516935285e-05,0.0
768,33221,0.0,0.0,0.0
769,332211,0.0,0.0,0.0
770,332212,0.0,8.043297155404698e-05,0.0
771,332213,0.0,0.0,0.0
772,332214,0.0,0.0,0.0
773,3323,0.0,0.0006413398350465006,0.0
774,33231,0.0,9.608107487289525e-07,0.0
775,332311,0.0,0.0,0.0
776,332312,0.0,8.472492949640783e-05,0.0
777,332313,0.0,0.0,0.0
778,33232,0.0,4.765504718124664e-05,0.0
779,332321,0.0,6.482746923627353e-05,0.0
780,332322,0.0,0.0,0.0
781,332323,0.0,1.0031494294140662e-05,0.0
782,3324,0.0,0.00012138440379963453,0.0
783,33241,0.0,0.0,0.0
784,332410,0.0,0.0,0.0
785,33242,0.0,0.0,0.0
786,332420,0.0,0.0,0.0
787,33243,0.0,0.0,0.0
788,332431,0.0,0.0,0.0
789,332439,0.0,0.0,0.0
790,3325,0.0,6.094883882532081e-05,0.0
791,33251,0.0,0.0,0.0
792,332510,0.0,0.0,0.0
793,3326,0.0,0.0,0.0
794,33261,0.0,0.0,0.0
795,332611,0.0,2.7766034620691654e-05,0.0
796,332612,0.0,0.0,0.0
797,332618,0.0,4.3053204157717474e-05,0.0
798,3327,0.0,0.0005062648057322079,0.0
799,33271,0.0,0.00040093569847812223,0.0005558405322522766
800,332710,0.0,0.0008387376471664714,0.00017741834738824592
801,33272,0.0,0.0007991362810708182,0.0029233786554645797
802,332721,0.0,0.0,0.0
803,332722,0.0,0.0,0.0
804,3328,0.0,0.0012199332637433085,0.0
805,33281,0.0,0.0009627724581315404,0.0
806,332811,0.0,0.0,0.0
807,332812,0.0,0.00021094139382937484,0.0
808,332813,0.0,0.00013678147188318361,0.0
809,3329,0.0,8.101288438181901e-05,0.00020766870178097488
810,33291,0.0,0.0,0.0
811,332911,0.0,6.0948282904846015e-06,0.0
812,332912,0.0,6.352754630613079e-05,0.0
813,332913,0.0,0.0,0.0
814,332919,0.0,0.0,0.0
815,33299,0.0,5.0087406552840875e-05,0.0
816,332991,0.0,0.0,0.0
817,332992,0.0,0.0,0.0
818,332993,0.0,0.0,0.0
819,332994,0.0,0.0,0.0
820,332995,0.0,0.0,0.0
821,332996,0.0,8.095642667579782e-05,0.0
822,332997,0.0,2.204192134963676e-05,0.0
823,332998,0.0,0.0,0.0
824,332999,0.0,0.0,0.0
825,333,0.0,0.0006119778735801034,0.0
826,3331,0.0,7.601057097579959e-05,0.0
827,33311,0.0,0.0,0.0
828,333111,0.0,0.0,0.0
829,333112,0.0,0.0,0.0
830,33312,0.0,0.0,0.0
831,333120,0.0,0.0,0.0
832,33313,0.0,0.0,0.0
833,333131,0.0,0.0,0.0
834,333132,0.0,0.0,0.0
835,3332,0.0,7.109969180717214e-05,0.0
836,33321,0.0,0.0,0.0
837,333210,0.0,0.0,0.0
838,33322,0.0,0.0,0.0
839,333220,0.0,0.0,0.0
840,33329,0.0,0.0,0.0
841,333291,0.0,0.0,0.0
842,333292,0.0,0.0,0.0
843,333293,0.0,0.0,0.0
844,333294,0.0,0.0,0.0
845,333295,0.0,0.0,0.0
846,333298,0.0,0.0,0.0
847,3333,0.0,4.988121371532196e-05,0.0
848,33331,0.0,3.496459658149989e-05,0.0
849,333311,0.0,0.0,0.0
850,333312,0.0,0.0,0.0
851,333313,0.0,0.0,0.0
852,333314,0.0,0.0,0.0
853,333315,0.0,0.0,0.0
854,333319,0.0,0.0,0.0
855,3334,0.0,0.0,0.0
856,33341,0.0,0.0,0.0
857,333411,0.0,0.0,0.0
858,333412,0.0,0.0,0.0
859,333414,0.0,0.0,0.0
860,333415,0.0,0.0,0.0
861,3335,0.0,0.0010297633968513208,0.0
862,33351,0.0,0.0007384522155197626,0.0
863,333511,0.0,1.65895418498864e-05,0.0
864,333512,0.0,0.00014199518454243752,0.0
865,333513,0.0,4.6298725847360225e-06,0.0
866,333514,0.0,0.0002674418475945446,0.0
867,333515,0.0,0.0,0.0
868,333516,0.0,0.0,0.0
869,333518,0.0,0.0,0.0
870,3336,0.0,0.0,0.0
871,33361,0.0,0.0,0.0
872,333611,0.0,0.0,0.0
873,333612,0.0,0.0,0.0
874,333613,0.0,0.0,0.0
875,333618,0.0,0.0,0.0
876,3339,0.0,0.00011149609724557926,0.0
877,33391,0.0,1.3743540148062764e-06,0.0
878,333911,0.0,0.0,0.0
879,333912,0.0,0.0,0.0
880,333913,0.0,0.0,0.0
881,33392,0.0,5.699067685302582e-06,0.0
882,333921,0.0,0.0,0.0
883,333922,0.0,0.0,0.0
884,333923,0.0,0.0,0.0
885,333924,0.0,0.0,0.0
886,33399,0.0,6.239740681904901e-05,0.0
887,333991,0.0,0.0,0.0
888,333992,0.0,0.0,0.0
889,333993,0.0,0.0,0.0
890,333994,0.0,0.0,0.0
891,333995,0.0,0.0,0.0
892,333996,0.0,0.0,0.0
893,333997,0.0,0.0,0.0
894,333999,0.0,4.681507500013023e-05,0.0
895,334,0.0,0.0003373363586937233,0.0
896,3341,0.0,0.0,0.0
897,33411,0.0,0.0,0.0
898,334111,0.0,0.0,0.0
899,334112,0.0,0.0,0.0
900,334113,0.0,0.0,0.0
901,334119,0.0,0.0,0.0
902,3342,0.0,0.0,0.0
903,33421,0.0,0.0,0.0
904,334210,0.0,0.0,0.0
905,33422,0.0,0.0,0.0
906,334220,0.0,0.0,0.0
907,33429,0.0,0.0,0.0
908,334290,0.0,0.0,0.0
909,3343,0.0,0.0,0.0
910,33431,0.0,0.0,0.0
911,334310,0.0,0.0,0.0
912,3344,0.0,0.00012104221316372753,0.0
913,33441,0.0,0.0,0.0
914,334411,0.0,0.0,0.0
915,334412,0.0,0.0,0.0
916,334413,0.0,0.0,0.0
917,334414,0.0,0.0,0.0
918,334415,0.0,0.0,0.0
919,334416,0.0,0.0,0.0
920,334417,0.0,0.0,0.0
921,334418,0.0,0.0,0.0
922,334419,0.0,0.0,0.0
923,3345,0.0,0.0,0.0
924,33451,0.0,0.0001515498314773562,0.0
925,334510,0.0,4.96523973764319e-06,0.0
926,334511,0.0,0.0,0.0
927,334512,0.0,0.0,0.0
928,334513,0.0,0.00017437472874285743,0.0
929,334514,0.0,0.0,0.0
930,334515,0.0,0.0,0.0
931,334516,0.0,0.0,0.0
932,334517,0.0,0.0,0.0
933,334518,0.0,0.0,0.0
934,334519,0.0,7.67612621052799e-05,0.0
935,3346,0.0,1.2442739829427973e-05,0.0
936,33461,0.0,7.01338700534061e-05,0.0
937,334611,0.0,0.0,0.0
938,334612,0.0,0.0,0.0
939,334613,0.0,0.0,0.0
940,335,0.0,0.00029436237404714666,0.0
941,3351,0.0,0.00011554739668817939,0.0
942,33511,0.0,0.0,0.0
943,335110,0.0,0.0,0.0
944,33512,0.0,0.0,0.0
945,335121,0.0,0.0,0.0
946,335122,0.0,0.0,0.0
947,335129,0.0,0.0,0.0
948,3352,0.0,6.61358058717741e-05,0.0
949,33521,0.0,0.0,0.0
950,335211,0.0,0.0,0.0
951,335212,0.0,0.0,0.0
952,33522,0.0,0.0,0.0
953,335221,0.0,0.0,0.0
954,335222,0.0,0.0,0.0
955,335224,0.0,0.0,0.0
956,335228,0.0,0.0,0.0
957,3353,0.0,0.00019713542394595438,0.0
958,33531,0.0,5.114117129955387e-05,0.0
959,335311,0.0,0.0,0.0
960,335312,0.0,0.0,0.0
961,335313,0.0,8.94602992252393e-05,0.0
962,335314,0.0,0.0,0.0
963,3359,0.0,0.0,0.0
964,33591,0.0,0.0,0.0
965,335911,0.0,0.0,0.0
966,335912,0.0,0.0,0.0
967,33592,0.0,0.0,0.0
968,335921,0.0,0.0,0.0
969,335929,0.0,0.0,0.0
970,33593,0.0,0.00010575171711667187,0.000726704815013016
971,335931,0.0,0.0,0.0002275016986073423
972,335932,0.0,0.0,0.0
973,33599,0.0,0.0,0.0
974,335991,0.0,0.0,0.0
975,335999,0.0,0.0,0.0
976,336,0.0,0.0005207662993804852,0.0
977,3361,0.0,0.0,0.0
978,33611,0.0,0.0,0.0
979,336111,0.0,0.0,0.0
980,336112,0.0,0.0,0.0
981,33612,0.0,0.0,0.0
982,336120,0.0,0.0,0.0
983,3362,0.0,0.0,0.0
984,33621,0.0,0.0,0.0
985,336211,0.0,0.0,0.0
986,336212,0.0,0.0,0.0
987,336213,0.0,0.0,0.0
988,336214,0.0,0.0,0.0
989,3363,0.0,0.00016466715797857094,0.0
990,33631,0.0,0.0,0.0
991,336311,0.0,0.0,0.0
992,336312,0.0,0.0,0.0
993,33632,0.0,0.0,0.0
994,336321,0.0,0.0,0.0
995,336322,0.0,0.0,0.0
996,33633,0.0,0.0,0.0
997,336330,0.0,0.0,0.0
998,33634,0.0,0.0,0.0
999,336340,0.0,0.0,0.0
1000,33635,0.0,8.095205908438644e-05,0.0
1001,336350,0.0,0.0,0.0
1002,33636,0.0,3.669159414258594e-05,0.0
1003,336360,0.0,0.0,0.0
1004,33637,0.0,0.00019791292492065692,0.0
1005,336370,0.0,0.0,0.0
1006,33639,0.0,0.0,0.0
1007,336391,0.0,0.0,0.0
1008,336399,0.0,0.0,0.0
1009,3364,0.0,0.0,0.0
1010,33641,0.0,6.266465664053456e-05,0.0
1011,336411,0.0,1.1666538044267902e-06,0.0
1012,336412,0.0,0.0,0.0
1013,336413,0.0,0.0,0.0
1014,336414,0.0,0.0,0.0
1015,336415,0.0,0.0,0.0
1016,336419,0.0,0.0,0.0
1017,3365,0.0,0.0,0.0
1018,33651,0.0,0.0,0.0
1019,336510,0.0,0.0,0.0
1020,3366,0.0,0.0,0.0
1021,33661,0.0,2.0884488246720254e-05,0.0
1022,336611,0.0,0.0,0.0
1023,336612,0.0,0.0,0.0
1024,3369,0.0,0.0,0.0
1025,33699,0.0,0.0,0.0
1026,336991,0.0,0.0,0.0
1027,336992,0.0,0.0,0.0
1028,336999,0.0,0.0,0.0
1029,337,0.0,0.0010722660407195435,0.0
1030,3371,0.0,8.117373930130449e-05,0.0
1031,33711,0.0,0.000250050028503562,0.0
1032,337110,0.0,0.00046001934214637394,0.0
1033,33712,0.0,6.056098163416837e-05,0.0
1034,337121,0.0,0.0,0.0
1035,337122,0.0,2.0418409454685472e-05,0.0
1036,337124,0.0,0.0,0.0
1037,337125,0.0,0.0,0.0
1038,337127,0.0,0.0,0.0
1039,337129,0.0,0.0,0.0
1040,3372,0.0,0.0,0.0
1041,33721,0.0,0.0,0.0
1042,337211,0.0,0.0,0.0
1043,337212,0.0,4.9841620966356e-05,0.0
1044,337214,0.0,0.0,0.0
1045,337215,0.0,0.00014638135345731597,0.0
1046,3379,0.0,0.0,0.0
1047,33791,0.0,0.0,0.0
1048,337910,0.0,0.0,0.0
1049,33792,0.0,0.0,0.0
1050,337920,0.0,0.0,0.0
1051,339,0.0,0.0009969985585933567,0.0
1052,3391,0.0,0.00012545960020649707,0.0
1053,33911,0.0,0.00018863557839456278,0.0
1054,339111,0.0,0.0,0.0
1055,339112,0.0,5.412577975554418e-05,0.0
1056,339113,0.0,2.989840211374702e-05,0.0
1057,339114,0.0,0.0,0.0
1058,339115,0.0,0.0,0.0
1059,339116,0.0,0.00011208469858841054,0.0
1060,3399,0.0,6.592558778216791e-05,0.0
1061,33991,0.0,8.096675707894032e-07,0.0
1062,339911,0.0,0.0,0.0
1063,339912,0.0,0.0,0.0
1064,339913,0.0,0.0,0.0
1065,339914,0.0,0.0,0.0
1066,33992,0.0,0.0,0.0
1067,339920,0.0,1.2150349991565391e-06,0.0
1068,33993,0.0,0.0,0.0
1069,339931,0.0,0.0,0.0
1070,339932,0.0,0.0,0.0
1071,33994,0.0,5.5523953869917986e-05,0.0
1072,339941,0.0,0.0,0.0
1073,339942,0.0,0.0,0.0
1074,339943,0.0,0.0,0.0
1075,339944,0.0,0.0,0.0
1076,33995,0.0,5.738374837790576e-05,0.0
1077,339950,0.0,0.0003977059847405851,0.0
1078,33999,0.0,7.776328598891542e-05,0.0
1079,339991,0.0,0.0,0.0
1080,339992,0.0,0.0,0.0
1081,339993,0.0,0.0,0.0
1082,339994,0.0,0.0,0.0
1083,339995,0.0,0.0,0.0
1084,339999,0.0,7.45065210956208e-05,0.0
1085,42,0.0,0.0025247734423151607,0.0
1086,423,0.0,0.0019461492039621305,0.0
1087,4231,0.0,0.0004684460159595845,0.0
1088,42311,0.0,0.00020636365218389653,0.0
1089,423110,0.0,5.4627486141426964e-05,0.0
1090,42312,0.0,0.00010498280671941744,0.0
1091,423120,0.0,7.376531407285095e-05,0.0
1092,42313,0.0,4.68453697068588e-06,0.0
1093,423130,0.0,8.620156367276645e-07,0.0
1094,42314,0.0,8.092727033899124e-05,0.0
1095,423140,0.0,0.00028616344895460025,0.0
1096,4232,0.0,0.0,0.0
1097,42321,0.0,0.0,0.0
1098,423210,0.0,1.6793265465881377e-06,0.0
1099,42322,0.0,0.0,0.0
1100,423220,0.0,0.0,0.0
1101,4233,0.0,0.0001876509679285134,0.0
1102,42331,0.0,0.00018973698523999067,0.0
1103,423310,0.0,8.654625623611483e-05,0.0
1104,42332,0.0,6.351109758549841e-05,0.0
1105,423320,0.0,2.967735273392201e-05,0.0
1106,42333,0.0,0.0,0.0
1107,423330,0.0,0.0,0.0
1108,42339,0.0,0.0,0.0
1109,423390,0.0,0.0,0.0
1110,4234,0.0,0.00275647105471024,0.005628071589954958
1111,42341,0.0,0.0,0.0
1112,423410,0.0,0.0,0.0
1113,42342,0.0,1.3183642495365806e-05,0.0
1114,423420,0.0,0.0,0.0
1115,42343,0.0,2.494179466039723e-05,0.0
1116,423430,0.0,3.79643277176697e-06,0.0
1117,42344,0.0,0.00019231435124121866,0.0
1118,423440,0.0,0.00016248606764633695,0.0
1119,42345,0.0,0.0009206321333849611,0.0
1120,423450,0.0,0.0012622840480398347,0.0
1121,42346,0.0,8.467088794937002e-06,0.0
1122,423460,0.0,2.483281007208797e-05,0.0
1123,42349,0.0,1.9753105369136012e-05,0.0
1124,423490,0.0,8.247003233281233e-05,0.0
1125,4235,0.0,0.00018047024861391855,0.0
1126,42351,0.0,7.822624658567625e-05,0.0
1127,423510,0.0,9.550920720950526e-05,0.0
1128,42352,0.0,0.0,0.0
1129,423520,0.0,0.0,0.0
1130,4236,0.0,0.00034656494087945497,0.0
1131,42361,0.0,0.00012581684488182827,0.0
1132,423610,0.0,4.946161815902357e-05,0.0
1133,42362,0.0,0.0,0.0
1134,423620,0.0,0.0,0.0
1135,42369,0.0,5.813714780942597e-05,0.0
1136,423690,0.0,0.0,0.0
1137,4237,0.0,0.0008238403778129701,0.0
1138,42371,0.0,4.209703750782498e-06,0.0
1139,423710,0.0,9.637183212731539e-05,0.0
1140,42372,0.0,3.802889827359736e-05,0.0
1141,423720,0.0,8.967180840830995e-05,0.0
1142,42373,0.0,0.0,0.0
1143,423730,0.0,0.00022090801016444602,0.0
1144,42374,0.0,7.000257406270389e-05,0.0
1145,423740,0.0,0.00013085816416641877,0.0
1146,4238,0.0,0.0017197906097967813,0.0
1147,42381,0.0,6.598995471834702e-05,0.0
1148,423810,0.0,0.0,0.0
1149,42382,0.0,0.0003328922445214963,0.0
1150,423820,0.0,0.0005183627030501154,0.0
1151,42383,0.0,0.0003048718146378521,0.0
1152,423830,0.0,0.00045019909991230833,0.0
1153,42384,0.0,8.462933859956709e-05,0.0
1154,423840,0.0,0.00016313324826801632,0.0
1155,42385,0.0,8.497488843353056e-05,0.0
1156,423850,0.0,0.00011733710366410084,0.0
1157,42386,0.0,0.0,0.0
1158,423860,0.0,0.0,0.0
1159,4239,0.0,0.0010142324315893922,0.0
1160,42391,0.0,0.00010410569763334137,0.0
1161,423910,0.0,8.617276506446226e-06,0.0
1162,42392,0.0,0.0,0.0
1163,423920,0.0,0.0,0.0
1164,42393,0.0,0.000726469280867527,0.0009787074952422989
1165,423930,0.0,0.0006593988142201679,0.0003405785752047222
1166,42394,0.0,0.0,0.0
1167,423940,0.0,1.9028042488092978e-05,0.0
1168,42399,0.0,0.0001986621165628753,0.0
1169,423990,0.0,0.0,0.0
1170,424,0.0,0.0029896008313589745,0.0
1171,4241,0.0,9.270708028130346e-06,0.0
1172,42411,0.0,8.645611400904466e-05,0.0
1173,424110,0.0,0.0,0.0
1174,42412,0.0,0.0,0.0
1175,424120,0.0,0.0,0.0
1176,42413,0.0,7.184027250489649e-06,0.0
1177,424130,0.0,4.0781671775177025e-05,0.0
1178,4242,0.0,4.75665136477056e-05,0.0
1179,42421,0.0,0.0,0.0
1180,424210,0.0,0.0,0.0
1181,4243,0.0,0.0,0.0
1182,42431,0.0,0.0,0.0
1183,424310,0.0,0.0,0.0
1184,42432,0.0,0.0,0.0
1185,424320,0.0,0.0,0.0
1186,42433,0.0,5.700414327560664e-05,0.0
1187,424330,0.0,0.0,0.0
1188,42434,0.0,0.0,0.0
1189,424340,0.0,9.253716071403167e-05,0.0
1190,4244,0.0,0.00038681007150540687,0.0
1191,42441,0.0,0.0,0.0
1192,424410,0.0,2.2875980605311036e-05,0.0
1193,42442,0.0,0.0,0.0
1194,424420,0.0,0.0,0.0
1195,42443,0.0,5.1205390805262414e-05,0.0
1196,424430,0.0,0.0,0.0
1197,42444,0.0,0.0,0.0
1198,424440,0.0,0.0,0.0
1199,42445,0.0,1.1270972704902043e-05,0.0
1200,424450,0.0,2.1457218074443816e-05,0.0
1201,42446,0.0,0.0,0.0
1202,424460,0.0,0.0,0.0
1203,42447,0.0,8.071527392029587e-05,0.0
1204,424470,0.0,0.0,0.0
1205,42448,0.0,3.038227338875371e-06,0.0
1206,424480,0.0,0.0,0.0
1207,42449,0.0,0.0002351840691863186,0.0
1208,424490,0.0,0.00035678308466719855,0.0
1209,4245,0.0,0.00028922546416860454,0.0
1210,42451,0.0,0.0002600768857682762,0.0
1211,424510,0.0,0.0004339212904133468,0.0
1212,42452,0.0,0.0,0.0
1213,424520,0.0,0.0,0.0
1214,42459,0.0,0.0,0.0
1215,424590,0.0,0.0,0.0
1216,4246,0.0,0.0002001295290934101,0.0
1217,42461,0.0,0.00013707761448210432,0.0
1218,424610,0.0,0.0,0.0
1219,42469,0.0,6.42040677500593e-05,0.0
1220,424690,0.0,6.183799998176213e-05,0.0
1221,4247,0.0,0.0008047604578339786,0.0
1222,42471,0.0,0.0,0.0
1223,424710,0.0,0.0,0.0
1224,42472,0.0,0.00032973326642885914,0.0
1225,424720,0.0,4.8562535147874535e-05,0.0
1226,4248,0.0,5.5255872728233064e-05,0.0
1227,42481,0.0,0.0,0.0
1228,424810,0.0,0.0,0.0
1229,42482,0.0,0.0,0.0
1230,424820,0.0,0.0,0.0
1231,4249,0.0,0.0010130269485609281,0.0
1232,42491,0.0,0.001156344508466763,0.0
1233,424910,0.0,0.0009518134718650012,0.0
1234,42492,0.0,1.4132387639328583e-06,0.0
1235,424920,0.0,7.592406199326733e-05,0.0
1236,42493,0.0,0.0,0.0
1237,424930,0.0,1.0714906600443194e-05,0.0
1238,42494,0.0,0.0,0.0
1239,424940,0.0,2.6804394607479145e-05,0.0
1240,42495,0.0,0.0,0.0
1241,424950,0.0,3.983565205094495e-05,0.0
1242,42499,0.0,0.00018760609753215013,0.0
1243,424990,0.0,0.00011033247892411398,0.0
1244,425,0.0,0.0012377737618532022,0.0
1245,4251,0.0,0.0014058635967649181,0.0
1246,42511,0.0,4.5974412416319707e-05,0.0
1247,425110,0.0,0.0,0.0
1248,42512,0.0,0.0008519373060449008,0.0
1249,425120,0.0,0.00043739840560688475,0.0
1250,44-45,0.0,0.004442580537775616,0.0
1251,441,0.0,0.004570234689576238,0.0
1252,4411,0.0,0.002523240769344893,0.0
1253,44111,0.0,0.001566023863462652,0.0
1254,441110,0.0,0.0016210532106108607,0.0
1255,44112,0.0,0.0010970038748835795,0.0
1256,441120,0.0,0.0009290289215309701,0.0
1257,4412,0.0,0.0036144940664223535,0.0025666749566980026
1258,44121,0.0,0.00015629138309957203,0.0
1259,441210,0.0,0.0009586863043426559,0.0
1260,44122,0.0,0.0003025917951702954,0.0
1261,441221,0.0,0.00016397221468813185,0.0
1262,441222,0.0,0.00010158782868226506,0.0
1263,441229,0.0,0.0,0.0
1264,4413,0.0,0.0016844444445335898,0.0
1265,44131,0.0,0.0017764369697783424,0.0
1266,441310,0.0,0.0008490667897152564,0.0
1267,44132,0.0,0.001106645597859363,0.0
1268,441320,0.0,0.0005928790455977007,0.0
1269,442,0.0,0.0008103311303569726,0.0
1270,4421,0.0,0.0002675816324302202,0.0
1271,44211,0.0,0.0005972585011748109,0.0
1272,442110,0.0,0.0005452177128061344,0.0
1273,4422,0.0,0.0008356331815481473,0.0
1274,44221,0.0,0.00016459761859006074,0.0
1275,442210,0.0,0.00016945660530573832,0.0
1276,44229,0.0,0.0011493791798864255,0.0
1277,442291,0.0,0.0,0.0
1278,442299,0.0,4.586404772685069e-05,0.0
1279,443,0.0,0.0007864595555025077,0.0
1280,4431,0.0,0.001116785227584123,0.0
1281,44311,0.0,0.000462983920241197,0.0
1282,443111,0.0,0.0003669245742672199,0.0
1283,443112,0.0,0.0004803982691087603,0.0
1284,44312,0.0,0.0001198488146701362,0.0
1285,443120,0.0,0.00012766830909562504,0.0
1286,44313,0.0,3.120597058358894e-05,0.0
1287,443130,0.0,1.074287303499258e-05,0.0
1288,444,0.0,0.0037478984751883643,0.00205669683414159
1289,4441,0.0,0.0013199770051089453,0.0
1290,44411,0.0,0.0007353882841155105,0.0
1291,444110,0.0,0.0007273095845584852,0.0
1292,44412,0.0,1.150110585985431e-05,0.0
1293,444120,0.0,0.00012357148025357313,0.0
1294,44413,0.0,0.0013043619734327016,0.0
1295,444130,0.0,0.0008953702404811983,0.0
1296,44419,0.0,0.001339611527411578,0.0021555423957094113
1297,444190,0.0,0.0011442462420678554,0.0003772946948558461
1298,4442,0.0,0.0015030257829909033,0.0
1299,44421,0.0,0.00015074122536136704,0.0
1300,444210,0.0,8.263274668722864e-05,0.0
1301,44422,0.0,0.00032699433064212646,0.0
1302,444220,0.0,0.0001978354166105905,0.0
1303,445,0.0,0.003622918632209514,0.0
1304,4451,0.0,0.002362773368079606,0.0
1305,44511,0.0,0.0011635261261014316,0.0
1306,445110,0.0,0.0011237540823628228,0.0
1307,44512,0.0,0.0004169244553598401,0.0
1308,445120,0.0,0.0004974168975590232,0.0
1309,4452,0.0,0.0005230836300743057,0.0
1310,44521,0.0,0.0,0.0
1311,445210,0.0,0.00013653982455877703,0.0
1312,44522,0.0,2.6984936093427448e-05,0.0
1313,445220,0.0,0.0,0.0
1314,44523,0.0,0.0,0.0
1315,445230,0.0,0.0,0.0
1316,44529,0.0,0.0002533355527137264,0.004068235451016646
1317,445291,0.0,5.1308383331740195e-05,0.0
1318,445292,0.0,0.0,0.0
1319,445299,0.0,2.5074645184316807e-05,0.0
1320,4453,0.0,0.0006397064901098866,0.0
1321,44531,0.0,0.0002961443612070405,0.0
1322,445310,0.0,0.0004865051486805328,0.0
1323,446,0.0,0.0025896819271325868,0.0
1324,4461,0.0,0.0024005385046026407,0.0
1325,44611,0.0,0.0030802282803262583,0.00019807325192712364
1326,446110,0.0,0.0022432292135172484,0.00023513916411938322
1327,44612,0.0,2.0293403027461323e-05,0.0
1328,446120,0.0,3.547268426166856e-05,0.0
1329,44613,0.0,0.0001130678872387867,0.0
1330,446130,0.0,9.290722990024085e-05,0.0
1331,44619,0.0,0.0002384482355790059,0.0
1332,446191,0.0,7.054834287296555e-05,0.0
1333,446199,0.0,2.933710483730967e-05,0.0
1334,447,0.0,0.0076931433126313465,0.0011562366002723637
1335,4471,0.0,0.006118601583364326,0.002239332307565243
1336,44711,0.0,0.0016891004561322464,0.0
1337,447110,0.0,0.0009710668967932822,0.0
1338,44719,0.0,0.0006444706973634771,0.0
1339,447190,0.0,0.0005572431332405843,0.0
1340,448,0.0,0.0012611292388695098,0.0
1341,4481,0.0,0.0012626367704440106,0.0
1342,44811,0.0,0.0002194899886018937,0.0
1343,448110,0.0,0.00031435956622239076,0.0
1344,44812,0.0,0.0004635574569482603,0.0
1345,448120,0.0,0.0005425809508163267,0.0
1346,44813,0.0,0.0,0.0
1347,448130,0.0,0.0,0.0
1348,44814,0.0,0.00033031927559985075,0.0
1349,448140,0.0,0.000401845387764617,0.0
1350,44815,0.0,1.3821587255514423e-05,0.0
1351,448150,0.0,0.00010714247184393868,0.0
1352,44819,0.0,0.00014280102964619556,0.0
1353,448190,0.0,0.0003180159151448278,0.0
1354,4482,0.0,0.0007632696938025076,0.0
1355,44821,0.0,0.00027640307538918913,0.0
1356,448210,0.0,0.00047381653400446587,0.0
1357,4483,0.0,0.0007144806759461761,0.0
1358,44831,0.0,0.00014607550576981236,0.0
1359,448310,0.0,0.0009272055610892498,0.0
1360,44832,0.0,3.885981937003089e-05,0.0
1361,448320,0.0,0.0,0.0
1362,451,0.0,0.001995039674047636,0.0
1363,4511,0.0,0.00030806839764534855,0.0
1364,45111,0.0,0.002248738015153207,0.0
1365,451110,0.0,0.0016129539844351273,0.0
1366,45112,0.0,0.00021079119259181809,0.0
1367,451120,0.0,0.0018248831862081555,0.0
1368,45113,0.0,0.0,0.0
1369,451130,0.0,0.0,0.0
1370,45114,0.0,0.0,0.0
1371,451140,0.0,0.0,0.0
1372,4512,0.0,0.0006525800392629204,0.0
1373,45121,0.0,1.91851728004307e-05,0.0
1374,451211,0.0,0.0001459587543221003,0.0
1375,451212,0.0,1.8178212664663114e-06,0.0
1376,45122,0.0,7.948498380594928e-05,0.0
1377,451220,0.0,7.314783295714722e-05,0.0
1378,452,0.0,0.0018576239983193,0.0
1379,4521,0.0,0.00035212708006100745,0.0
1380,45211,0.0,0.00029319682857661657,0.0
1381,452111,0.0,8.058539908705204e-05,0.0
1382,452112,0.0,4.875291698955289e-05,0.0
1383,4529,0.0,0.0015215371032537965,0.0
1384,45291,0.0,0.0,0.0
1385,452910,0.0,0.0,0.0
1386,45299,0.0,0.0019755413731580448,0.0
1387,452990,0.0,0.0007600213476384554,0.0
1388,453,0.0,0.003247865348217184,0.003954274493765414
1389,4531,0.0,0.000655284556829057,0.0
1390,45311,0.0,0.0006080183358331866,0.0
1391,453110,0.0,0.00041073927797967457,0.0
1392,4532,0.0,0.0020609013497631928,0.0
1393,45321,0.0,0.00038625753500655234,0.0
1394,453210,0.0,0.0003317709440866904,0.0
1395,45322,0.0,0.00018935365873497343,0.0
1396,453220,0.0,0.0007734586751609973,0.0
1397,4533,0.0,0.0003077970001743538,0.0
1398,45331,0.0,0.0009285769214336076,0.0
1399,453310,0.0,0.000775604471050428,0.0
1400,4539,0.0,0.0014119295801724588,0.0
1401,45391,0.0,0.00011642370848467722,0.0
1402,453910,0.0,0.0007858755370611421,0.0
1403,45392,0.0,0.00020937053603347627,0.0
1404,453920,0.0,3.751029296579745e-05,0.0
1405,45393,0.0,1.1438236363736226e-06,0.0
1406,453930,0.0,0.00011914888581977068,0.0
1407,45399,0.0,0.00044562093645142783,0.0
1408,453991,0.0,0.0003569518926847205,0.0
1409,453998,0.0,9.101220024376988e-05,0.0
1410,454,0.0,0.0015541088387691511,0.0
1411,4541,0.0,5.8154236936652575e-05,0.0
1412,45411,0.0,0.0001875264240968117,0.0
1413,454111,0.0,0.0,0.0
1414,454112,0.0,0.0,0.0
1415,454113,0.0,0.0,0.0
1416,4542,0.0,0.0,0.0
1417,45421,0.0,0.0002981007148124806,0.0
1418,454210,0.0,0.0,0.0
1419,4543,0.0,0.0003515786401213533,0.0
1420,45431,0.0,0.00019680424902882582,0.0
1421,454311,0.0,5.73921954816873e-05,0.0
1422,454312,0.0,0.0002714537752439897,0.0
1423,454319,0.0,0.0,0.0
1424,45439,0.0,4.4459433092572544e-06,0.0
1425,454390,0.0,0.0,0.0
1426,48-49,0.0,0.00288620921100118,0.0
1427,481,0.0,8.649583187200507e-05,0.0
1428,4811,0.0,0.0,0.0
1429,48111,0.0,0.0,0.0
1430,481111,0.0,0.0,0.0
1431,481112,0.0,0.0,0.0
1432,4812,0.0,0.0,0.0
1433,48121,0.0,0.0,0.0
1434,481211,0.0,0.0,0.0
1435,481212,0.0,0.0,0.0
1436,481219,0.0,0.0,0.0
1437,482,0.0,0.0,0.0
1438,4821,0.0,0.0,0.0
1439,48211,0.0,0.0,0.0
1440,482111,0.0,0.0,0.0
1441,482112,0.0,0.0,0.0
1442,483,0.0,8.061351048302343e-05,0.0
1443,4831,0.0,0.0,0.0
1444,48311,0.0,4.1147892984119136e-05,0.0
1445,483111,0.0,0.0,0.0
1446,483112,0.0,0.0,0.0
1447,483113,0.0,0.0,0.0
1448,483114,0.0,0.0,0.0
1449,4832,0.0,0.0,0.0
1450,48321,0.0,0.0,0.0
1451,483211,0.0,0.0,0.0
1452,483212,0.0,0.0,0.0
1453,484,0.0,0.002445663666707243,0.0
1454,4841,0.0,0.0016601432091190682,0.0
1455,48411,0.0,0.0009664206309164774,0.0
1456,484110,0.0,0.0010226551391152485,0.0
1457,48412,0.0,0.0012850151164612229,0.0
1458,484121,0.0,0.0005930167679312075,0.0
1459,484122,0.0,5.159609015597908e-05,0.0
1460,4842,0.0,0.00132684501526742,0.0
1461,48421,0.0,0.0003485163532570696,0.0
1462,484210,0.0,6.381764469053689e-05,0.0
1463,48422,0.0,0.000995735874519454,0.0
1464,484220,0.0,0.001314877506289356,0.0
1465,48423,0.0,0.00046552923136443825,0.0
1466,484230,0.0,0.0002263107282480617,0.0
1467,485,0.0,0.00034906394698034737,0.0
1468,4851,0.0,0.0,0.0
1469,48511,0.0,0.0,0.0
1470,485111,0.0,0.0,0.0
1471,485112,0.0,0.0,0.0
1472,485113,0.0,0.0,0.0
1473,485119,0.0,0.0,0.0
1474,4852,0.0,0.0,0.0
1475,48521,0.0,0.0,0.0
1476,485210,0.0,0.0,0.0
1477,4853,0.0,0.00016974585856363269,0.0
1478,48531,0.0,0.0,0.0
1479,485310,0.0,3.22784379605355e-05,0.0
1480,48532,0.0,0.00012069029549640039,0.0
1481,485320,0.0,0.0,0.0
1482,4854,0.0,0.0001055381796913486,0.0
1483,48541,0.0,0.00015204013155889858,0.0
1484,485410,0.0,0.0,0.0
1485,4855,0.0,6.0170462065180377e-05,0.0
1486,48551,0.0,0.0,0.0
1487,485510,0.0,1.654063145522495e-06,0.0
1488,4859,0.0,8.340902928458664e-05,0.0
1489,48599,0.0,1.590018700695616e-05,0.0
1490,485991,0.0,0.0,0.0
1491,485999,0.0,0.0,0.0
1492,486,0.0,4.634301889361518e-05,0.0
1493,4861,0.0,0.0,0.0
1494,48611,0.0,0.0,0.0
1495,486110,0.0,0.0,0.0
1496,4862,0.0,0.0,0.0
1497,48621,0.0,0.0,0.0
1498,486210,0.0,0.0,0.0
1499,4869,0.0,0.0,0.0
1500,48691,0.0,0.0,0.0
1501,486910,0.0,0.0,0.0
1502,48699,0.0,0.0,0.0
1503,486990,0.0,0.0,0.0
1504,487,0.0,0.0,0.0
1505,4871,0.0,0.0,0.0
1506,48711,0.0,0.0,0.0
1507,487110,0.0,0.0,0.0
1508,4872,0.0,0.0,0.0
1509,48721,0.0,0.0,0.0
1510,487210,0.0,2.000608055086919e-06,0.0
1511,4879,0.0,0.0,0.0
1512,48799,0.0,0.0,0.0
1513,487990,0.0,0.0,0.0
1514,488,0.0,0.00086283956913349,0.0
1515,4881,0.0,0.0001893928121800383,0.0
1516,48811,0.0,6.0266058643298403e-05,0.0
1517,488111,0.0,5.97739920917645e-05,0.0
1518,488119,0.0,0.0,0.0
1519,48819,0.0,0.0,0.0
1520,488190,0.0,0.0,0.0
1521,4882,0.0,1.6716227513382197e-06,0.0
1522,48821,0.0,0.0,0.0
1523,488210,0.0,0.0,0.0
1524,4883,0.0,0.0001959175780595565,0.0
1525,48831,0.0,0.0,0.0
1526,488310,0.0,0.0,0.0
1527,48832,0.0,1.4555744634414297e-05,0.0
1528,488320,0.0,0.0,0.0
1529,48833,0.0,0.0,0.0
1530,488330,0.0,0.0,0.0
1531,48839,0.0,0.0,0.0
1532,488390,0.0,0.0,0.0
1533,4884,0.0,8.124764533235896e-05,0.0
1534,48841,0.0,0.0,0.0
1535,488410,0.0,0.00010797708665196887,0.0
1536,48849,0.0,9.425178514243336e-07,0.0
1537,488490,0.0,1.3272376279403907e-05,0.0
1538,4885,0.0,0.00013525207514353095,0.0
1539,48851,0.0,0.00012283838011633864,0.0
1540,488510,0.0,2.790436310852424e-05,0.0
1541,4889,0.0,0.0001349245326589175,0.0
1542,48899,0.0,0.0,0.0
1543,488991,0.0,0.0,0.0
1544,488999,0.0,0.0,0.0
1545,491,0.0,0.004948020027264394,0.0
1546,4911,0.0,0.005480324036418975,0.0003147028141457134
1547,49111,0.0,0.004293243577743523,0.0
1548,491110,0.0,0.003436151898247201,0.0
1549,492,0.0,0.0004098931703522038,0.0
1550,4921,0.0,0.0002265084699229497,0.0
1551,49211,0.0,0.00011711722094503229,0.0
1552,492110,0.0,5.8428018242588176e-05,0.0
1553,4922,0.0,7.201163101049056e-05,0.0
1554,49221,0.0,0.0,0.0
1555,492210,0.0,0.00011854930044858113,0.0
1556,493,0.0,0.00036898712379290446,0.0
1557,4931,0.0,0.0003920709178620726,0.0
1558,49311,0.0,0.00010187351836072441,0.0
1559,493110,0.0,0.00010266097434645121,0.0
1560,49312,0.0,0.0,0.0
1561,493120,0.0,0.0,0.0
1562,49313,0.0,0.0001124654296998366,0.0
1563,493130,0.0,0.0,0.0
1564,49319,0.0,7.122570163226376e-05,0.0
1565,493190,0.0,0.0,0.0
1566,51,0.0,0.0022166558008438306,0.0
1567,511,0.0,0.0005433320475785975,0.002551347253608996
1568,5111,0.0,0.00048209022671081273,0.0
1569,51111,0.0,0.0002073526371787757,0.0
1570,511110,0.0,1.5566289927092635e-05,0.0
1571,51112,0.0,0.0003837568846796026,0.0
1572,511120,0.0,0.0,0.0
1573,51113,0.0,0.0,0.0
1574,511130,0.0,0.0,0.0
1575,51114,0.0,4.607845086405702e-06,0.0
1576,511140,0.0,4.638082267883756e-05,0.0
1577,51119,0.0,0.0,0.0
1578,511191,0.0,0.0,0.0
1579,511199,0.0,0.0,0.0
1580,5112,0.0,5.038103918637659e-05,0.0
1581,51121,0.0,0.0,0.0
1582,511210,0.0,0.0012397785609702951,0.0012720884174946153
1583,512,0.0,0.0013149899593707394,0.0
1584,5121,0.0,0.0,0.0
1585,51211,0.0,0.0,0.0
1586,512110,0.0,5.6458284514008884e-05,0.0
1587,51212,0.0,0.0,0.0
1588,512120,0.0,0.0,0.0
1589,51213,0.0,0.00019929793305684614,0.0
1590,512131,0.0,0.00010969194527872695,0.0
1591,512132,0.0,0.0,0.0
1592,51219,0.0,2.6857376659254205e-05,0.0
1593,512191,0.0,1.543557453588117e-06,0.0
1594,512199,0.0,0.0,0.0
1595,5122,0.0,0.0,0.0
1596,51221,0.0,0.0,0.0
1597,512210,0.0,0.0,0.0
1598,51222,0.0,0.0,0.0
1599,512220,0.0,0.0,0.0
1600,51223,0.0,0.0,0.0
1601,512230,0.0,0.0,0.0
1602,51224,0.0,0.0,0.0
1603,512240,0.0,0.0,0.0
1604,51229,0.0,0.0,0.0
1605,512290,0.0,0.0,0.0
1606,515,0.0,0.00020261578223744258,0.0
1607,5151,0.0,8.93508026232294e-05,0.0
1608,51511,0.0,0.0001186657514920635,0.0
1609,515111,0.0,0.0,0.0
1610,515112,0.0,1.3244048799318203e-05,0.0
1611,51512,0.0,0.0,0.0
1612,515120,0.0,7.188980864969139e-05,0.0
1613,5152,0.0,0.0,0.0
1614,51521,0.0,0.0,0.0
1615,515210,0.0,0.0,0.0
1616,516,0.0,0.00016698956316968941,0.0
1617,5161,0.0,5.227671691924848e-06,0.0
1618,51611,0.0,0.0,0.0
1619,516110,0.0,0.0,0.0
1620,517,0.0,0.0010644245874831312,0.0
1621,5171,0.0,0.00024932925295870613,0.0
1622,51711,0.0,0.00038044382080913464,0.0
1623,517110,0.0,0.00019954484062661363,0.0
1624,5172,0.0,9.002127814034299e-05,0.0
1625,51721,0.0,6.073683862223283e-05,0.0
1626,517211,0.0,0.0,0.0
1627,517212,0.0,9.697754265602097e-05,0.0
1628,5173,0.0,0.0,0.0
1629,51731,0.0,1.689088909980653e-06,0.0
1630,517310,0.0,4.04797046558872e-05,0.0
1631,5174,0.0,0.0,0.0
1632,51741,0.0,0.0,0.0
1633,517410,0.0,0.0,0.0
1634,5175,0.0,0.0,0.0
1635,51751,0.0,0.00013293156550922745,0.0
1636,517510,0.0,0.0,0.0
1637,5179,0.0,0.0,0.0
1638,51791,0.0,0.0,0.0
1639,517910,0.0,0.0,0.0
1640,518,0.0,0.0015259207694827285,0.00394880926462737
1641,5181,0.0,0.0,0.0
1642,51811,0.0,6.537455087100787e-05,0.0
1643,518111,0.0,0.0,0.0
1644,518112,0.0,0.0,0.0
1645,5182,0.0,9.12152391161403e-05,0.0
1646,51821,0.0,5.226314641743063e-05,0.0
1647,518210,0.0,0.00038014890929829315,0.0
1648,519,0.0,0.0006061791222193722,0.0
1649,5191,0.0,0.0003878012304812284,0.0
1650,51911,0.0,0.0,0.0
1651,519110,0.0,0.0,0.0
1652,51912,0.0,0.00036313040005821277,0.0
1653,519120,0.0,0.000571013267044077,0.0
1654,51919,0.0,8.533422783266496e-05,0.0
1655,519190,0.0,0.0,0.0
1656,52,0.0,0.0017605500815475285,0.0
1657,521,0.0,0.0,0.0
1658,5211,0.0,0.0,0.0
1659,52111,0.0,0.0,0.0
1660,521110,0.0,0.0,0.0
1661,522,0.0,0.004289390613937017,0.0
1662,5221,0.0,0.002887527884002029,0.0
1663,52211,0.0,0.0016459901003173032,0.0
1664,522110,0.0,0.0014737409714214377,0.0
1665,52212,0.0,0.0002854059158591147,0.0
1666,522120,0.0,0.00013574752369131002,0.0
1667,52213,0.0,0.00021090423399679298,0.0
1668,522130,0.0,0.0003900584924022198,0.0
1669,52219,0.0,0.0,0.0
1670,522190,0.0,0.0,0.0
1671,5222,0.0,0.0008632396392417992,0.0
1672,52221,0.0,1.4840866095370574e-06,0.0
1673,522210,0.0,0.0,0.0
1674,52222,0.0,0.0,0.0
1675,522220,0.0,0.00019196934216631804,0.0
1676,52229,0.0,0.0011800407405314155,0.0
1677,522291,0.0,0.0004421405092759444,0.0
1678,522292,0.0,0.0004598396065034732,0.0
1679,522293,0.0,0.0,0.0
1680,522294,0.0,0.00010911490896859562,0.0
1681,522298,0.0,0.00047297517181157906,0.0
1682,5223,0.0,0.0003999027570393096,0.0
1683,52231,0.0,0.00014946089051535733,0.0
1684,522310,0.0,0.0,0.0
1685,52232,0.0,0.0,0.0
1686,522320,0.0,0.0,0.0
1687,52239,0.0,0.0001872589854503067,0.0
1688,522390,0.0,0.00016812323623299557,0.0
1689,523,0.0,0.0004823095777091768,0.0
1690,5231,0.0,0.00025131124772142984,0.0
1691,52311,0.0,0.0,0.0
1692,523110,0.0,0.0,0.0
1693,52312,0.0,0.0003367910006964531,0.0
1694,523120,0.0,0.00018672703441865047,0.0
1695,52313,0.0,0.0,0.0
1696,523130,0.0,0.0,0.0
1697,52314,0.0,0.0,0.0
1698,523140,0.0,0.0,0.0
1699,5232,0.0,0.0,0.0
1700,52321,0.0,0.0,0.0
1701,523210,0.0,0.0,0.0
1702,5239,0.0,0.00011451238285654072,0.0
1703,52391,0.0,0.0,0.0
1704,523910,0.0,0.0,0.0
1705,52392,0.0,7.129500829845185e-05,0.0
1706,523920,0.0,0.0,0.0
1707,52393,0.0,0.0,0.0
1708,523930,0.0,0.0003390984124477577,0.0
1709,52399,0.0,4.2647152997369e-06,0.0
1710,523991,0.0,0.0,0.0
1711,523999,0.0,0.0,0.0
1712,524,0.0,0.0023359626088636683,0.0
1713,5241,0.0,0.0011309488655999597,0.0
1714,52411,0.0,0.0,0.0
1715,524113,0.0,1.044756317998332e-06,0.0
1716,524114,0.0,0.0,0.0
1717,52412,0.0,0.00011984073013845705,0.0
1718,524126,0.0,0.00019110312523941273,0.0
1719,524127,0.0,1.3956238237744707e-05,0.0
1720,524128,0.0,0.0,0.0
1721,52413,0.0,0.0,0.0
1722,524130,0.0,0.0,0.0
1723,5242,0.0,0.0016099450456843597,0.0
1724,52421,0.0,0.0018467982622806976,0.0
1725,524210,0.0,0.0013838603492910997,0.0
1726,52429,0.0,0.0027513457442961764,0.0
1727,524291,0.0,8.25885811946038e-05,0.0
1728,524292,0.0,0.0,0.0
1729,524298,0.0,0.0,0.0
1730,525,0.0,0.0,0.0
1731,5251,0.0,0.0,0.0
1732,52511,0.0,0.0,0.0
1733,525110,0.0,0.0,0.0
1734,52512,0.0,0.0,0.0
1735,525120,0.0,0.0,0.0
1736,52519,0.0,0.0,0.0
1737,525190,0.0,0.0,0.0
1738,5259,0.0,0.0,0.0
1739,52591,0.0,4.582505383498298e-05,0.0
1740,525910,0.0,1.0598169777379378e-05,0.0
1741,52592,0.0,1.4583403911552181e-06,0.0
1742,525920,0.0,0.0,0.0
1743,52593,0.0,0.0,0.0
1744,525930,0.0,0.0,0.0
1745,52599,0.0,0.0,0.0
1746,525990,0.0,0.0,0.0
1747,53,0.0,0.005009687141587579,0.02213025409334912
1748,531,0.0,0.002336603361410367,0.0
1749,5311,0.0,0.00152319130069824,0.0
1750,53111,0.0,0.0012613601842930797,0.0
1751,531110,0.0,0.0006702498835347858,0.0
1752,53112,0.0,0.0002752037391886373,0.0
1753,531120,0.0,0.00037840493304771563,0.0
1754,53113,0.0,0.002577108822820223,0.0
1755,531130,0.0,0.0018002463920098058,0.0
1756,53119,0.0,0.0020342632069770606,0.0
1757,531190,0.0,0.004200688372249608,0.0
1758,5312,0.0916621269279575,0.0029504468170238095,0.005987883396994423
1759,53121,0.0,0.0035686368412784384,0.0032735787981920746
1760,531210,0.0,0.0033440890706527278,0.007797301558143641
1761,5313,0.0,0.0025975800203122427,0.0
1762,53131,0.0,0.0015715053595176146,0.0
1763,531311,0.0,0.0003528928383471933,0.0
1764,531312,0.0,1.1429155038383738e-06,0.0
1765,53132,0.0,0.00035844925343788027,0.0
1766,531320,0.0,0.000989259734465557,0.0
1767,53139,0.0,0.0004017030240806003,0.0
1768,531390,0.0,0.00024862776990492103,0.0
1769,532,0.0,0.0017374431181254846,0.0
1770,5321,0.0,0.0002439527971085205,0.0
1771,53211,0.0,8.625609257562018e-05,0.0
1772,532111,0.0,0.0,0.0
1773,532112,0.0,0.0,0.0
1774,53212,0.0,0.00010224137413021831,0.0
1775,532120,0.0,8.78833146998249e-05,0.0
1776,5322,0.0,0.0012003413305198974,0.0
1777,53221,0.0,4.483747181756704e-05,0.0
1778,532210,0.0,1.5191665109103337e-05,0.0
1779,53222,0.0,0.0,0.0
1780,532220,0.0,3.8146767321011435e-05,0.0
1781,53223,0.0,0.0007758420424467874,0.0
1782,532230,0.0,0.0005968290293639713,0.0
1783,53229,0.0,6.784751994812727e-05,0.0
1784,532291,0.0,0.0,0.0
1785,532292,0.0,9.51669784872568e-05,0.0
1786,532299,0.0,0.00011914453381567071,0.0
1787,5323,0.0,0.00021426653802846855,0.0
1788,53231,0.0,7.296503198104595e-05,0.0
1789,532310,0.0,6.727792302269137e-05,0.0
1790,5324,0.0,0.00016694272952629292,0.0
1791,53241,0.0,0.0001630826931964849,0.0
1792,532411,0.0,0.0,0.0
1793,532412,0.0,0.0,0.0
1794,53242,0.0,0.0,0.0
1795,532420,0.0,0.0,0.0
1796,53249,0.0,4.81905745639229e-05,0.0
1797,532490,0.0,0.0,0.0
1798,533,0.0,0.0,0.0
1799,5331,0.0,0.0,0.0
1800,53311,0.0,0.00010998617227414924,0.0
1801,533110,0.0,4.291610402545696e-05,0.0
1802,54,0.0,0.0026558511409903508,0.0
1803,541,0.0,0.0022921904418055044,0.0
1804,5411,0.0,0.003520250149040102,0.0
1805,54111,0.0,0.0012593641742284507,0.0
1806,541110,0.0,0.0012924767372421895,0.0
1807,54119,0.0,0.00026974059401347906,0.0
1808,541191,0.0,0.00014357332580906622,0.0
1809,541199,0.0,0.0,0.0
1810,5412,0.0,0.002462374881821384,0.000439913725630367
1811,54121,0.0,0.001908371598141365,0.00043049308116579506
1812,541211,0.0,0.0007478829150328679,0.0
1813,541213,0.0,5.905453982546351e-05,0.0
1814,541214,0.0,0.00012579035867163815,0.0
1815,541219,0.0,0.0005495158639618599,0.0
1816,5413,0.0,0.002404694149854881,0.0
1817,54131,0.0,0.0001280922919670625,0.0
1818,541310,0.0,0.00011454884336367593,0.0
1819,54132,0.0,0.001134899240534281,0.0
1820,541320,0.0,0.0008541888631893638,0.0
1821,54133,0.0,0.0017203491440519211,0.0
1822,541330,0.0,0.0016227353723292036,0.0
1823,54134,0.0,7.023766919321304e-05,0.0
1824,541340,0.0,3.340563618519986e-06,0.0
1825,54135,0.0,7.98362550420594e-05,0.0
1826,541350,0.0,0.0,0.0
1827,54136,0.0,0.0,0.0
1828,541360,0.0,1.697015189781798e-05,0.0
1829,54137,0.0,0.0018224721904776262,0.0
1830,541370,0.0,0.00018026153759496865,0.0
1831,54138,0.0,0.0007350563029663646,0.0
1832,541380,0.0,9.247222543035508e-05,0.0
1833,5414,0.0,0.0006775714511843943,0.0
1834,54141,0.0,0.00041311138080306467,0.0
1835,541410,0.0,0.00028926483123622955,0.0
1836,54142,0.0,7.315215474662327e-06,0.0
1837,541420,0.0,0.0,0.0
1838,54143,0.0,6.747426237528232e-05,0.0
1839,541430,0.0,0.0006764245334779234,0.0
1840,54149,0.0,0.0,0.0
1841,541490,0.0,0.0,0.0
1842,5415,0.0,0.0020559052471482175,0.0
1843,54151,0.0,0.0030688537024770863,0.0
1844,541511,0.0,0.00060698709739898,0.0
1845,541512,0.0,0.0008430522688887645,0.0
1846,541513,0.0,0.0,0.0
1847,541519,0.0,0.0,0.0
1848,5416,0.0,0.0025388671111066367,0.0
1849,54161,0.0,0.0032215567623701245,0.0
1850,541611,0.0,0.00348350311689684,0.0
1851,541612,0.0,0.0,0.0
1852,541613,0.0,0.001379894053511467,0.0
1853,541614,0.0,8.099704373479864e-05,0.0
1854,541618,0.0,0.0023352505819579923,0.0037369473045677838
1855,54162,0.0,0.0001637419417708507,0.0
1856,541620,0.0,3.529226680446384e-05,0.0
1857,54169,0.0,0.0011693735623304591,0.002212008169664843
1858,541690,0.0,0.0019474015439696066,0.002125102770830249
1859,5417,0.0,0.0005519549710058465,0.0
1860,54171,0.0,0.0002087244176379809,0.0
1861,541710,0.0,2.871226276296156e-05,0.00030627305140759235
1862,54172,0.0,1.0255428539691156e-05,0.0
1863,541720,0.0,0.0,0.0
1864,5418,0.0,0.0004508638954063092,0.0
1865,54181,0.0,0.00036303998886649537,0.0
1866,541810,0.0,0.0001539332102542129,0.0
1867,54182,0.0,0.0,0.0
1868,541820,0.0,4.687707855205342e-05,0.0
1869,54183,0.0,0.0,0.0
1870,541830,0.0,0.0,0.0
1871,54184,0.0,8.104806092783878e-05,0.0
1872,541840,0.0,8.252244997999767e-05,0.0
1873,54185,0.0,5.0393742262403136e-05,0.0
1874,541850,0.0,1.432121252339129e-05,0.0
1875,54186,0.0,5.7959145138781356e-05,0.0
1876,541860,0.0,3.605042472175181e-05,0.0
1877,54187,0.0,6.516146270118182e-05,0.0
1878,541870,0.0,0.0,0.0
1879,54189,0.0,0.00010502273259013357,0.0
1880,541890,0.0,6.802751922027586e-05,0.0
1881,5419,0.0,0.0039001081145889505,0.005204413726905777
1882,54191,0.0,4.36672729446394e-06,0.0
1883,541910,0.0,7.517120193122001e-05,0.0
1884,54192,0.0,6.123422306812111e-05,0.0
1885,541921,0.0,0.0,0.0
1886,541922,0.0,0.0,0.0
1887,54193,0.0,0.0,0.0
1888,541930,0.0,0.0001375588682260815,0.0
1889,54194,0.0,0.001316333944400892,0.0007449878655254757
1890,541940,0.0,0.004520430774108878,0.0004228452772268627
1891,54199,0.0,0.0,0.0
1892,541990,0.0,8.140605171547245e-05,0.0
1893,55,0.0,0.0005617927113762665,0.0
1894,551,0.0,0.0004940963610996944,0.0
1895,5511,0.0,0.0008307724519560545,0.0
1896,55111,0.0,0.0006788798353740189,0.0
1897,551111,0.0,0.0,0.0
1898,551112,0.0,4.7547554898313216e-05,0.0
1899,551114,0.0,0.000436034403287637,0.0
1900,56,0.0,0.0020257003203080506,0.0
1901,561,0.0,0.0015226143714771395,0.0
1902,5611,0.0,0.00040900202601494074,0.0
1903,56111,0.0,0.00023697877898979405,0.0
1904,561110,0.0,0.000346803210271555,0.0
1905,5612,0.0,5.202411364435675e-05,0.0
1906,56121,0.0,0.0,0.0
1907,561210,0.0,0.0,0.0
1908,5613,0.0,0.00044508812229609437,0.0
1909,56131,0.0,0.0,0.0
1910,561310,0.0,4.203650734627929e-05,0.0
1911,56132,0.0,0.00045795680710808,0.0
1912,561320,0.0,0.00015268946223022102,0.0
1913,56133,0.0,8.879663869595835e-05,0.0
1914,561330,0.0,1.1638598495482246e-06,0.0
1915,5614,0.0,0.0028581598200271207,0.0
1916,56141,0.0,0.00010821010260034182,0.0
1917,561410,0.0,1.54498155965974e-05,0.0
1918,56142,0.0,0.0,0.0
1919,561421,0.0,0.0,0.0
1920,561422,0.0,2.050067602308612e-05,0.0
1921,56143,0.0,0.001426160910703482,0.0
1922,561431,0.0,0.0,0.0
1923,561439,0.0,0.00012894595268190436,0.0
1924,56144,0.0,7.419830656173459e-05,0.0
1925,561440,0.0,7.868800154562667e-05,0.0002982010425599266
1926,56145,0.0,0.0,0.0
1927,561450,0.0,5.390185085607461e-05,0.0
1928,56149,0.0,9.824812868411713e-05,0.0
1929,561491,0.0,0.0,0.0
1930,561492,0.0,0.0,0.0
1931,561499,0.0,0.00010137506121467334,0.0
1932,5615,0.0,0.0009665110159126524,0.0
1933,56151,0.0,0.0005639199139148339,0.0
1934,561510,0.0,0.000352419047542146,0.0
1935,56152,0.0,0.0,0.0
1936,561520,0.0,3.4429148723207406e-05,0.0
1937,56159,0.0,9.516165654938489e-05,0.0
1938,561591,0.0,0.0,0.0
1939,561599,0.0,0.0,0.0
1940,5616,0.0,0.0002172487700382088,0.0
1941,56161,0.0,0.00012610069683759113,0.0
1942,561611,0.0,0.0,0.0
1943,561612,0.0,4.061705371075303e-05,0.0
1944,561613,0.0,0.0,0.0
1945,56162,0.0,0.00024301707943854057,0.0
1946,561621,0.0,0.00029545386668972573,0.0
1947,561622,0.0,4.607007734421523e-05,0.0
1948,5617,0.0,0.002452029917621651,0.0
1949,56171,0.0,0.00018350465377110282,0.0
1950,561710,0.0,0.00032149537831740815,0.0
1951,56172,0.0,0.0005575229628022667,0.0
1952,561720,0.0,0.0008740570191055649,0.0
1953,56173,0.0,0.0027997165519979424,0.003033144282751887
1954,561730,0.0,0.002204162226787329,0.007170731375453868
1955,56174,0.0,0.0017062842705624379,0.0
1956,561740,0.0,0.001235156020756325,0.0
1957,56179,0.0,0.0010722967037818548,0.0
1958,561790,0.0,0.0022852546705248804,0.0
1959,5619,0.0,0.00019977605454090365,0.0
1960,56191,0.0,7.002214149586239e-05,0.0
1961,561910,0.0,4.1889051441882876e-05,0.0
1962,56192,0.0,0.0,0.0
1963,561920,0.0,0.0,0.0
1964,56199,0.0,0.0002818501340371774,0.0
1965,561990,0.0,7.942704935176409e-05,0.0
1966,562,0.0,0.0009057167731770246,0.0
1967,5621,0.0,2.5977853463235714e-05,0.0
1968,56211,0.0,0.000521882601967878,0.0
1969,562111,0.0,0.00011791535944700243,0.0
1970,562112,0.0,0.0,0.0
1971,562119,0.0,0.0,0.0
1972,5622,0.0,4.657253426474172e-05,0.0
1973,56221,0.0,0.0,0.0
1974,562211,0.0,0.0,0.0
1975,562212,0.0,0.0,0.0
1976,562213,0.0,0.0,0.0
1977,562219,0.0,0.0,0.0
1978,5629,0.0,0.00019074393124320812,0.0
1979,56291,0.0,3.380074697640965e-05,0.0
1980,562910,0.0,2.7855327687215948e-05,0.0
1981,56292,0.0,0.0,0.0
1982,562920,0.0,0.0,0.0
1983,56299,0.0,0.00014201716389345169,0.0
1984,562991,0.0,6.385399725067215e-05,0.0
1985,562998,0.0,0.00016992856762797825,0.0
1986,61,0.0,0.0015239031744036105,0.0
1987,611,0.0,0.0029445537331076878,0.0
1988,6111,0.0,0.0017840097730904547,0.0
1989,61111,0.0,0.001366462653255628,0.0
1990,611110,0.0,0.0014277591800973418,0.0
1991,6112,0.0,0.0,0.0
1992,61121,0.0,0.0,0.0
1993,611210,0.0,0.0,0.0
1994,6113,0.0,0.0,0.0
1995,61131,0.0,0.0,0.0
1996,611310,0.0,0.00015137282562812036,0.0
1997,6114,0.0,0.00020937126835135052,0.0
1998,61141,0.0,0.0,0.0
1999,611410,0.0,0.0,0.0
2000,61142,0.0,1.347016829769968e-06,0.0
2001,611420,0.0,5.2708226994700533e-05,0.0
2002,61143,0.0,3.6296897306088406e-05,0.0
2003,611430,0.0,1.4701681871714158e-06,0.0
2004,6115,0.0,4.014478372859372e-05,0.0
2005,61151,0.0,0.0003969399974070007,0.0
2006,611511,0.0,5.0425769571912725e-05,0.0
2007,611512,0.0,0.0,0.0
2008,611513,0.0,0.0,0.0
2009,611519,0.0,4.167628198657266e-06,0.0
2010,6116,0.0,0.0015765460252335783,0.0
2011,61161,0.0,6.358945991274003e-05,0.0
2012,611610,0.0,0.0,0.0
2013,61162,0.0,0.0007571554597653919,0.0
2014,611620,0.0,0.0011715963746379413,0.0
2015,61163,0.0,0.0,0.0
2016,611630,0.0,0.0,0.0
2017,61169,0.0,3.2603098713788934e-06,0.0
2018,611691,0.0,0.0,0.0
2019,611692,0.0,0.0,0.0
2020,611699,0.0,9.376585780307255e-05,0.0
2021,6117,0.0,0.0,0.0
2022,61171,0.0,1.732175273016893e-05,0.0
2023,611710,0.0,7.218610433735358e-05,0.0
2024,62,0.0,0.002977357389889646,0.0
2025,621,0.0,0.005160638544619592,0.0
2026,6211,0.0,0.002003718195312329,0.0
2027,62111,0.0,0.0020709080705137283,0.0
2028,621111,0.0,0.0018305007889957772,0.0
2029,621112,0.0,7.94584923793485e-05,0.0
2030,6212,0.0,0.0023608083796718598,0.0
2031,62121,0.0,0.0021752687051369937,0.0
2032,621210,0.0,0.002529527047809189,0.0
2033,6213,0.0,0.002131913608200201,0.00019157427957353193
2034,62131,0.0,0.00131584123266691,0.0
2035,621310,0.0,0.0013387820978032394,0.0
2036,62132,0.0,0.0011616666397938084,0.0
2037,621320,0.0,0.0009011945717083078,0.0
2038,62133,0.0,4.631889721135938e-05,0.0
2039,621330,0.0,0.0010240762078692605,0.0
2040,62134,0.0,0.0006003630235901712,0.0
2041,621340,0.0,0.0007286472641798604,0.0
2042,62139,0.0,0.00015950984409870443,0.0
2043,621391,0.0,6.148317245619301e-05,0.0
2044,621399,0.0,0.0001861796026187167,0.0
2045,6214,0.0,0.0012911299231287334,0.00032312180775238825
2046,62141,0.0,0.0,0.0
2047,621410,0.0,3.8482231158386434e-05,0.0
2048,62142,0.0,5.55297714271827e-06,0.0
2049,621420,0.0,0.0,0.0
2050,62149,0.0,0.0002838651324291313,0.0
2051,621491,0.0,0.0,0.0
2052,621492,0.0,0.0,0.0
2053,621493,0.0,0.00013463213635381516,0.0
2054,621498,0.0,0.0,0.0
2055,6215,0.0,4.5339879903490626e-05,0.0
2056,62151,0.0,0.00015763868238855415,0.0
2057,621511,0.0,0.0,0.0
2058,621512,0.0,5.246674184627915e-05,0.0
2059,6216,0.0,0.0014366435895256074,0.0
2060,62161,0.0,0.0008210386930067723,0.0
2061,621610,0.0,0.002288422892346725,0.00037587074788126537
2062,6219,0.0,0.0003213598303973671,0.0
2063,62191,0.0,0.00022247942087455272,0.0
2064,621910,0.0,0.0,0.0
2065,62199,0.0,9.706174053486815e-05,0.0
2066,621991,0.0,0.0,0.0
2067,621999,0.0,0.0,0.0
2068,622,0.0,0.00047775189080055946,0.000994870794108674
2069,6221,0.0,0.00022538677822516253,0.0
2070,62211,0.0,5.0783636654845845e-05,0.0
2071,622110,0.0,5.406315506170766e-06,0.0
2072,6222,0.0,0.0,0.0
2073,62221,0.0,0.0,0.0
2074,622210,0.0,0.0,0.0
2075,6223,0.0,3.2847158303427874e-05,0.0
2076,62231,0.0,0.00010663116094045606,0.0
2077,622310,0.0,6.478480632452181e-06,0.0
2078,623,0.0,0.003024835382388642,0.007254354917593638
2079,6231,0.0,0.0005271966150504893,0.0
2080,62311,0.0,0.0018591000689435347,0.0009662847469091231
2081,623110,0.0,0.0012752105840593763,0.0014838197524011903
2082,6232,0.0,0.0001221625574099297,0.0
2083,62321,0.0,4.5518376121852915e-05,0.0
2084,623210,0.0,0.00014545297632067908,0.0
2085,62322,0.0,1.2339950148240512e-05,0.0
2086,623220,0.0,0.0,0.0
2087,6233,0.0,0.0005399576461789122,0.0
2088,62331,0.0,0.0002981914944170715,0.0
2089,623311,0.0,1.7683858177583117e-05,0.0
2090,623312,0.0,5.279034404821277e-05,0.0
2091,6239,0.0,5.4017059481344195e-05,0.0
2092,62399,0.0,5.8891536208139104e-05,0.0
2093,623990,0.0,8.714768010369437e-05,0.0
2094,624,0.0,0.003651716278438872,0.0018219871505278042
2095,6241,0.0,0.0022091935907415554,0.0
2096,62411,0.0,0.00017401045791470292,0.0
2097,624110,0.0,6.769601617859153e-05,0.0
2098,62412,0.0,0.0006555205517719626,0.0
2099,624120,0.0,0.0010304265220958207,0.0
2100,62419,0.0,0.0004727848530154874,0.0
2101,624190,0.0,0.00027348312240501796,0.0
2102,6242,0.0,0.0002445822917618178,0.0
2103,62421,0.0,0.0,0.0
2104,624210,0.0,0.0,0.0
2105,62422,0.0,0.0,0.0
2106,624221,0.0,0.0,0.0
2107,624229,0.0,3.3454814524272325e-05,0.0
2108,62423,0.0,0.0,0.0
2109,624230,0.0,6.560270781544821e-05,0.0
2110,6243,0.0,0.00015548877036155998,0.0
2111,62431,0.0,8.400826968087057e-05,0.0
2112,624310,0.0,1.963319949412859e-05,0.0
2113,6244,0.0,0.0021797274282479746,0.002053717083842437
2114,62441,0.0,0.001818292058908669,0.0
2115,624410,0.0,0.002752948006905138,0.001131022741220678
2116,71,0.0,0.004253584312423172,0.004957718938958795
2117,711,0.0,3.716984467930758e-05,0.0
2118,7111,0.0,8.57854251860596e-05,0.0
2119,71111,0.0,7.826189577705505e-05,0.0
2120,711110,0.0,1.6391421033126831e-06,0.0
2121,71112,0.0,0.0,0.0
2122,711120,0.0,0.0,0.0
2123,71113,0.0,4.463174516037564e-05,0.0
2124,711130,0.0,4.6769084467260395e-05,0.0
2125,71119,0.0,0.0,0.0
2126,711190,0.0,0.0,0.0
2127,7112,0.0,4.235675944422634e-05,0.0
2128,71121,0.0,0.0001305742462565522,0.0
2129,711211,0.0,0.0,0.0
2130,711212,0.0,0.0,0.0
2131,711219,0.0,5.3200837019556495e-05,0.0
2132,7113,0.0,0.0,0.0
2133,71131,0.0,0.0,0.0
2134,711310,0.0,3.35307443098581e-05,0.0
2135,71132,0.0,0.0,0.0
2136,711320,0.0,0.0,0.0
2137,7114,0.0,0.0,0.0
2138,71141,0.0,0.0,0.0
2139,711410,0.0,0.0,0.0
2140,7115,0.0,9.173981301471615e-06,0.0
2141,71151,0.0,0.000484206463529539,0.0
2142,711510,0.0,0.0006159877079681497,0.0
2143,712,0.0,0.0003964946043752355,0.0
2144,7121,0.0,0.0003750272472643982,0.0
2145,71211,0.0,0.0,0.0
2146,712110,0.0,0.0,0.0
2147,71212,0.0,0.0,0.0
2148,712120,0.0,0.0,0.0
2149,71213,0.0,0.0,0.0
2150,712130,0.0,0.0,0.0
2151,71219,0.0,0.00036194519885667865,0.0
2152,712190,0.0,0.0002376541043132957,0.0
2153,713,0.0,0.0013735176240628375,0.0
2154,7131,0.0,8.63659808105224e-05,0.0
2155,71311,0.0,0.0,0.0
2156,713110,0.0,0.0,0.0
2157,71312,0.0,1.6991368724427497e-05,0.0
2158,713120,0.0,0.0,0.0
2159,7132,0.0,2.95949194946274e-05,0.0
2160,71321,0.0,0.0,0.0
2161,713210,0.0,5.150929506345531e-06,0.0
2162,71329,0.0,0.0,0.0
2163,713290,0.0,1.0800160480446118e-05,0.0
2164,7139,0.0,0.0015907006462974695,0.0
2165,71391,0.0,0.0004690351260257229,0.0
2166,713910,0.0,0.00018384693634942398,0.0
2167,71392,0.0,0.0,0.0
2168,713920,0.0,0.0,0.0
2169,71393,0.0,0.00014740107358027953,0.0
2170,713930,0.0,0.00017364989869205657,0.0
2171,71394,0.0,0.002339845753877461,0.0
2172,713940,0.0,0.000852448787329894,0.0
2173,71395,0.0,8.38892832200211e-05,0.0
2174,713950,0.0,8.665559746306641e-05,0.0
2175,71399,0.0,0.0007407258777865669,0.0
2176,713990,0.0,0.0013863923766984823,0.0
2177,72,0.0,0.004711942859793005,0.003910560980468887
2178,721,0.0,0.0018445154506498914,0.0
2179,7211,0.0,0.0008635330672011233,0.0
2180,72111,0.0,0.0019446332453156487,0.0
2181,721110,0.0,0.0009381993689360661,0.0
2182,72112,0.0,0.0,0.0
2183,721120,0.0,0.0,0.0
2184,72119,0.0,0.0003418820294816106,0.0
2185,721191,0.0,0.0,0.0
2186,721199,0.0,0.0,0.0
2187,7212,0.0,0.0002458432406592459,0.0
2188,72121,0.0,3.4184940053953574e-05,0.0
2189,721211,0.0,0.00012653451051544424,0.0
2190,721214,0.0,0.00017983669619514041,0.0
2191,7213,0.0,0.00018142969004996616,0.0
2192,72131,0.0,3.061500939942887e-05,0.0
2193,721310,0.0,1.524833953924081e-05,0.0
2194,722,0.0,0.00426376739226313,0.0043280938698030775
2195,7221,0.0,0.003894570049208449,0.0
2196,72211,0.0,0.004881287104416623,0.0
2197,722110,0.0,0.003182292336687402,0.0
2198,7222,0.0,0.002515128605984021,0.0005441289875406059
2199,72221,0.0,0.0033966321061460808,0.0002604546232589253
2200,722211,0.0,0.0023590278070254717,0.0
2201,722212,0.0,0.00020452926765330274,0.0
2202,722213,0.0,0.00021745254859666905,0.0
2203,7223,0.0,0.0005238730076059161,0.0
2204,72231,0.0,0.00014569786498126776,0.0
2205,722310,0.0,0.0,0.0
2206,72232,0.0,0.0001638703592957255,0.0
2207,722320,0.0,0.0002507469665763136,0.0
2208,72233,0.0,0.0,0.0
2209,722330,0.0,0.0,0.0
2210,7224,0.0,0.0010902643342617228,0.0
2211,72241,0.0,0.0006062077790986837,0.0
2212,722410,0.0,0.0012011371473545163,0.0
2213,81,0.0,0.004114680633638715,0.0
2214,811,0.0,0.0024562181858280145,0.0
2215,8111,0.0,0.004810447847334129,0.009264403531398863
2216,81111,0.0,0.0031150193790392953,0.0
2217,811111,0.0,0.0017089508355869747,0.0
2218,811112,0.0,0.00035463240515267716,0.002672328572300394
2219,811113,0.0,0.00012877668219920567,0.0
2220,811118,0.0,0.00040782940932106176,0.0
2221,81112,0.0,0.0012697729096221029,0.0
2222,811121,0.0,0.0007577955479194698,0.0
2223,811122,0.0,2.2147896130511505e-05,0.0
2224,81119,0.0,0.001032015275056727,0.0
2225,811191,0.0,0.00013650951868270187,0.0
2226,811192,0.0,0.00030092138969091935,0.0
2227,811198,0.0,8.204237168507408e-06,0.0
2228,8112,0.0,0.0002941344237607079,0.0
2229,81121,0.0,0.00035294168269779934,0.0
2230,811211,0.0,0.0,0.0
2231,811212,0.0,0.0,0.0
2232,811213,0.0,0.0,0.0
2233,811219,0.0,5.919301753827207e-05,0.0
2234,8113,0.0,0.0011934644589035412,0.0
2235,81131,0.0,0.0011570087293103495,0.0
2236,811310,0.0,0.0006782481204001936,0.0
2237,8114,0.0,0.0005776377828547916,0.0
2238,81141,0.0,0.00013745396135351475,0.0
2239,811411,0.0,0.0,0.0
2240,811412,0.0,0.0,0.0
2241,81142,0.0,0.00017767920336813156,0.0
2242,811420,0.0,4.535873138466115e-05,0.0
2243,81143,0.0,0.0,0.0
2244,811430,0.0,0.0,0.0
2245,81149,0.0,6.982460462433179e-05,0.0
2246,811490,0.0,3.945859391617643e-06,0.0
2247,812,0.0,0.0028964375237774975,0.0
2248,8121,0.0,0.0032828635934441294,0.013082276364628276
2249,81211,0.0,0.0012045586607839877,0.0
2250,812111,0.0,0.0,0.0
2251,812112,0.0,0.0014554073411435565,0.0
2252,812113,0.0,1.2596691954347508e-06,0.0
2253,81219,0.0,0.00013545875003032103,0.0
2254,812191,0.0,6.599069181010727e-05,0.0
2255,812199,0.0,0.0002517060555304042,0.0
2256,8122,0.0,0.003111235242981572,0.017408471369824582
2257,81221,0.0,0.0014643033263279264,0.0012742660390464378
2258,812210,0.0,0.0012448292902909604,0.0009622894284756305
2259,81222,0.0,0.0006319091684745821,0.0
2260,812220,0.0,0.0005165786411959208,0.0
2261,8123,0.0,0.0005791500222714224,0.0
2262,81231,0.0,0.0001150204264631674,0.0
2263,812310,0.0,9.953452299573788e-05,0.0
2264,81232,0.0,0.00011832117628778669,0.0
2265,812320,0.0,0.00025201345359495786,0.0
2266,81233,0.0,0.00019985932373071607,0.0
2267,812331,0.0,5.882411911489923e-06,0.0
2268,812332,0.0,0.0,0.0
2269,8129,0.0,0.00037963033613369455,0.0
2270,81291,0.0,0.0011677926775194795,0.0
2271,812910,0.0,0.0007253272204913689,0.0
2272,81292,0.0,0.0,0.0
2273,812921,0.0,0.0,0.0
2274,812922,0.0,0.0,0.0
2275,81293,0.0,0.00016820473228312962,0.0
2276,812930,0.0,2.5520122431225415e-05,0.0
2277,81299,0.0,0.00012913680123555126,0.0
2278,812990,0.0,2.661404422956223e-05,0.0
2279,813,0.0,0.0023666256810838,0.0
2280,8131,0.0,0.00046959029589258835,0.0
2281,81311,0.0,0.000255235453317045,0.0
2282,813110,0.0,0.0006219738078249652,0.0
2283,8132,0.0,0.00024082500581813643,0.0
2284,81321,0.0,3.3502660603232786e-05,0.0
2285,813211,0.0,1.2677590987017852e-06,0.0
2286,813212,0.0,0.0,0.0
2287,813219,0.0,1.3800839271577247e-05,0.0
2288,8133,0.0,0.00023926332590850513,0.0
2289,81331,0.0,0.0002029275049161295,0.0
2290,813311,0.0,3.770950273604303e-05,0.0
2291,813312,0.0,2.4188752035732593e-05,0.0
2292,813319,0.0,0.0,0.0
2293,8134,0.0,0.001032831495287224,0.0
2294,81341,0.0,0.0013317201313279904,0.0
2295,813410,0.0,0.0006761211186162545,0.0
2296,8139,0.0,0.0013753807307172678,0.0
2297,81391,0.0,0.00034469545424207153,0.0
2298,813910,0.0,0.0006165113202132915,0.0
2299,81392,0.0,1.4838234107515396e-05,0.0
2300,813920,0.0,4.220670549650728e-05,0.0
2301,81393,0.0,0.0025051425148021316,0.005972985693134042
2302,813930,0.0,0.0015129974447112126,0.003755871711384242
2303,81394,0.0,3.459189825368954e-05,0.0
2304,813940,0.0,6.776822223830931e-06,0.0
2305,81399,0.0,0.0003532479488894014,0.0
2306,813990,0.0,1.1705952850971139e-05,0.0
2307,814,0.0,0.0012536664932059148,0.0
2308,8141,0.0,0.0014268795633349154,0.0
2309,81411,0.0,0.001907754717729526,0.0
2310,814110,0.0,0.001575619017177039,0.0
2311,92,0.0,0.002628339733946581,0.0
2312,921,0.0,0.001861901074101686,0.0
2313,9211,0.0,0.002800918559053288,0.0
2314,92111,0.0,0.0002368747949121423,0.0
2315,921110,0.0,0.0005379068236891098,0.0
2316,92112,0.0,0.0,0.0
2317,921120,0.0,0.00010034057950088684,0.0
2318,92113,0.0,0.00028903755376752724,0.0
2319,921130,0.0,0.00018223663122911185,0.0
2320,92114,0.0,0.0015709165339921685,0.0
2321,921140,0.0,0.0012041370334822347,0.0
2322,92115,0.0,0.0,0.0
2323,921150,0.0,0.0,0.0
2324,92119,0.0,0.00031431766445684273,0.0
2325,921190,0.0,0.0006326136827324065,0.0
2326,922,0.0,0.0016606392211973137,0.0
2327,9221,0.0,0.0016932270540982862,0.0
2328,92211,0.0,0.0003253788107967934,0.0
2329,922110,0.0,0.0003095981070397505,0.0
2330,92212,0.0,0.00011609631157724405,0.0
2331,922120,0.0,0.00016750711835286894,0.0
2332,92213,0.0,0.0001523701281268064,0.0
2333,922130,0.0,0.00019524471087089407,0.0
2334,92214,0.0,0.0,0.0
2335,922140,0.0,4.3910684723785014e-05,0.0
2336,92215,0.0,0.0,0.0
2337,922150,0.0,0.0,0.0
2338,92216,0.0,0.00013143889017910182,0.0
2339,922160,0.0,0.000193771432572693,0.0
2340,92219,0.0,0.0006171339733456021,0.0
2341,922190,0.0,0.0004621916481720583,0.0
2342,923,0.0,0.0018407716478262457,0.0
2343,9231,0.0,0.001556995163303706,0.0
2344,92311,0.0,0.0,0.0
2345,923110,0.0,0.0,0.0
2346,92312,0.0,0.0,0.0
2347,923120,0.0,6.922423810281848e-05,0.0
2348,92313,0.0,0.0012632876438758987,0.0
2349,923130,0.0,0.0006846775781484723,0.0
2350,92314,0.0,0.0,0.0
2351,923140,0.0,0.0,0.0
2352,924,0.0,0.0049120704073390194,0.0015576230353370629
2353,9241,0.0,0.005778448205179449,0.002812606357306604
2354,92411,0.0,0.0001477691188904132,0.0
2355,924110,0.0,5.5919736904622275e-05,0.0
2356,92412,0.0,0.005112877704282163,0.0
2357,924120,0.0,0.008086008421587701,0.0
2358,925,0.0,0.00011228710482113316,0.0
2359,9251,0.0,0.0002357601090620827,0.0
2360,92511,0.0,0.00020161126200988076,0.0
2361,925110,0.0,0.00020100982313061406,0.0
2362,92512,0.0,4.373751349268753e-06,0.0
2363,925120,0.0,0.0,0.0
2364,926,0.0,0.002824139327604977,0.0
2365,9261,0.0,0.002747777065349239,0.0
2366,92611,0.0,0.0012578152855428637,0.0
2367,926110,0.0,0.0016554287190160737,0.0
2368,92612,0.0,0.0003199606223486851,0.0
2369,926120,0.0,0.0002431182831808406,0.0
2370,92613,0.0,0.0,0.0
2371,926130,0.0,0.0,0.0
2372,92614,0.0,0.002463327713745139,0.0
2373,926140,0.0,0.003067594925301625,0.0
2374,92615,0.0,0.00018775028944632236,0.0
2375,926150,0.0,0.00010196372358515258,0.0
2376,927,0.0,0.0,0.0
2377,9271,0.0,0.0,0.0
2378,92711,0.0,0.0,0.0
2379,927110,0.0,0.0,0.0
2380,928,0.0,0.0010699755258705458,0.0
2381,9281,0.0,0.0010558234749315906,0.0
2382,92811,0.0,0.0005080558775369746,0.0
2383,928110,0.0,0.0008449889074045297,0.0
2384,92812,0.0,0.0,0.0
2385,928120,0.0,0.0,0.0
2386,99,0.0,0.0009362149615123402,0.0
2387,999,0.0,0.0006760493684272688,0.0
2388,9999,0.0,0.0006875241341302321,0.0
2389,99999,0.0,0.0008647511541636697,0.0
2390,999999,0.0,0.0010224400901207215,0.0
2391,517210,0.0,6.317575949663754e-05,0.0
2392,517911,0.0,0.0,0.0
2393,517919,0.0,0.0,0.0
2394,51913,0.0,0.0,0.0
2395,519130,0.0,9.61306918697369e-05,0.0
2396,541711,0.0,9.490578220261254e-05,0.0
2397,541712,0.0,1.3304078939017457e-06,0.0
2398,561311,0.0,5.201760410514214e-05,0.0
2399,561312,0.0,0.0,0.0
